race_id,winner,called_date,status,note
2026-gov-AZ,,,pending,
2026-gov-CA,,,pending,
2026-gov-FL,,,pending,
2026-gov-GA,,,pending,
2026-gov-IL,,,pending,
2026-gov-ME,,,pending,
2026-gov-MI,,,pending,
2026-gov-MN,,,pending,
2026-gov-NH,,,pending,
2026-gov-NM,,,pending,
2026-gov-NV,,,pending,
2026-gov-NY,,,pending,
2026-gov-OH,,,pending,
2026-gov-PA,,,pending,
2026-gov-TX,,,pending,
2026-gov-WI,,,pending,
2026-senate-AK,,,pending,
2026-senate-GA,,,pending,
2026-senate-IA,,,pending,
2026-senate-KS,,,pending,
2026-senate-ME,,,pending,
2026-senate-MI,,,pending,
2026-senate-MN,,,pending,
2026-senate-NC,,,pending,
2026-senate-NH,,,pending,
2026-senate-OH,,,pending,
2026-senate-SC,,,pending,
2026-senate-TX,,,pending,
2026-senate-control,,,pending,
