computed_at,race_id,as_of_date,days_out,margin,dem_pct,rep_pct,n_polls,effective_n,n_partisan,partisan_lean,excluded_partisan,window_days,half_life_days
2026-08-28T21:39:30,2026-senate-GA,2026-08-28,67,7.79,50.46,42.68,2,1.45,0,,False,45,14
2026-08-28T21:39:30,2026-senate-MI,2026-08-28,67,1.35,45.82,44.47,9,7.59,3,4.22,False,45,14
2026-08-28T21:39:30,2026-senate-NC,2026-08-28,67,8.73,50.36,41.64,8,7.04,1,-2.93,False,45,14
2026-08-28T21:39:31,2026-senate-ME,2026-08-28,67,2.78,48.49,45.71,3,2.6,1,1.5,False,45,14
2026-08-28T21:39:31,2026-senate-OH,2026-08-28,67,5.97,50.46,44.49,2,2.0,0,,False,45,14
2026-08-28T21:39:31,2026-senate-TX,2026-08-28,67,3.26,46.61,43.35,9,6.52,1,0.0,False,45,14
2026-08-28T21:39:32,2026-senate-IA,2026-08-28,67,-4.09,42.13,46.23,2,1.77,0,,False,45,14
2026-08-28T21:39:32,2026-senate-NH,2026-08-28,67,1.77,45.09,43.32,2,1.95,0,,False,45,14
2026-08-28T21:39:32,2026-senate-MN,2026-08-28,67,5.0,46.0,41.0,1,1.0,0,,False,45,14
2026-08-28T21:39:32,2026-senate-AK,2026-08-28,67,1.6,50.8,49.2,1,1.0,0,,False,45,14
2026-08-28T21:39:34,2026-generic-ballot,2026-08-28,67,5.84,40.87,35.02,5,4.91,0,,False,45,14
2026-08-29T21:23:56,2026-senate-GA,2026-08-29,66,7.79,50.46,42.68,2,1.45,0,,False,45,14
2026-08-29T21:23:57,2026-senate-MI,2026-08-29,66,1.9,46.07,44.16,10,7.91,3,3.42,False,45,14
2026-08-29T21:23:57,2026-senate-NC,2026-08-29,66,8.73,50.36,41.64,8,7.04,1,-2.93,False,45,14
2026-08-29T21:23:57,2026-senate-ME,2026-08-29,66,2.78,48.49,45.71,3,2.6,1,1.5,False,45,14
2026-08-29T21:23:57,2026-senate-OH,2026-08-29,66,5.97,50.46,44.49,2,2.0,0,,False,45,14
2026-08-29T21:23:58,2026-senate-TX,2026-08-29,66,3.26,46.61,43.35,9,6.52,1,0.0,False,45,14
2026-08-29T21:23:58,2026-senate-IA,2026-08-29,66,-4.09,42.13,46.23,2,1.77,0,,False,45,14
2026-08-29T21:23:58,2026-senate-NH,2026-08-29,66,1.77,45.09,43.32,2,1.95,0,,False,45,14
2026-08-29T21:23:58,2026-senate-MN,2026-08-29,66,5.0,46.0,41.0,1,1.0,0,,False,45,14
2026-08-29T21:23:59,2026-senate-AK,2026-08-29,66,1.6,50.8,49.2,1,1.0,0,,False,45,14
2026-08-29T21:24:00,2026-generic-ballot,2026-08-29,66,5.84,40.87,35.02,5,4.91,0,,False,45,14
2026-08-30T15:24:43,2026-senate-GA,2026-08-30,65,7.79,50.46,42.68,2,1.45,0,,False,45,14
2026-08-30T15:24:43,2026-senate-MI,2026-08-30,65,1.9,46.07,44.16,10,7.91,3,3.42,False,45,14
2026-08-30T15:24:43,2026-senate-NC,2026-08-30,65,8.73,50.36,41.64,8,7.04,1,-2.93,False,45,14
2026-08-30T15:24:43,2026-senate-ME,2026-08-30,65,2.78,48.49,45.71,3,2.6,1,1.5,False,45,14
2026-08-30T15:24:43,2026-senate-OH,2026-08-30,65,5.97,50.46,44.49,2,2.0,0,,False,45,14
2026-08-30T15:24:44,2026-senate-TX,2026-08-30,65,3.26,46.61,43.35,9,6.52,1,0.0,False,45,14
2026-08-30T15:24:44,2026-senate-IA,2026-08-30,65,-4.09,42.13,46.23,2,1.77,0,,False,45,14
2026-08-30T15:24:44,2026-senate-NH,2026-08-30,65,1.77,45.09,43.32,2,1.95,0,,False,45,14
2026-08-30T15:24:44,2026-senate-MN,2026-08-30,65,5.0,46.0,41.0,1,1.0,0,,False,45,14
2026-08-30T15:24:44,2026-senate-AK,2026-08-30,65,1.6,50.8,49.2,1,1.0,0,,False,45,14
2026-08-30T15:24:45,2026-generic-ballot,2026-08-30,65,5.84,40.87,35.02,5,4.91,0,,False,45,14
2026-08-31T18:04:00,2026-senate-GA,2026-08-31,64,7.5,50.1,42.6,1,1.0,0,,False,45,14
2026-08-31T18:04:00,2026-senate-MI,2026-08-31,64,1.9,46.07,44.16,10,7.91,3,3.42,False,45,14
2026-08-31T18:04:00,2026-senate-NC,2026-08-31,64,8.73,50.36,41.64,8,7.04,1,-2.93,False,45,14
2026-08-31T18:04:00,2026-senate-ME,2026-08-31,64,2.78,48.49,45.71,3,2.6,1,1.5,False,45,14
2026-08-31T18:04:00,2026-senate-OH,2026-08-31,64,5.97,50.46,44.49,2,2.0,0,,False,45,14
2026-08-31T18:04:00,2026-senate-TX,2026-08-31,64,3.26,46.61,43.35,9,6.52,1,0.0,False,45,14
2026-08-31T18:04:00,2026-senate-IA,2026-08-31,64,-4.09,42.13,46.23,2,1.77,0,,False,45,14
2026-08-31T18:04:00,2026-senate-NH,2026-08-31,64,1.77,45.09,43.32,2,1.95,0,,False,45,14
2026-08-31T18:04:00,2026-senate-MN,2026-08-31,64,5.0,46.0,41.0,1,1.0,0,,False,45,14
2026-08-31T18:04:01,2026-senate-AK,2026-08-31,64,1.6,50.8,49.2,1,1.0,0,,False,45,14
2026-08-31T18:04:01,2026-gov-AZ,2026-08-31,64,6.68,45.79,39.11,8,6.77,1,-2.57,False,45,14
2026-08-31T18:04:01,2026-gov-PA,2026-08-31,64,21.33,53.55,32.22,6,4.95,1,-15.8,False,45,14
2026-08-31T18:04:01,2026-gov-MI,2026-08-31,64,4.74,47.32,42.59,6,4.34,0,,False,45,14
2026-08-31T18:04:01,2026-gov-OH,2026-08-31,64,-0.48,47.49,47.97,2,2.0,0,,False,45,14
2026-08-31T18:04:01,2026-gov-TX,2026-08-31,64,-4.81,43.27,48.08,9,6.46,1,1.12,False,45,14
2026-08-31T18:04:01,2026-gov-FL,2026-08-31,64,-6.26,39.1,45.37,2,1.87,0,,False,45,14
2026-08-31T18:04:01,2026-gov-NY,2026-08-31,64,10.0,49.0,39.0,1,1.0,0,,False,45,14
2026-08-31T18:04:01,2026-gov-CA,2026-08-31,64,18.0,55.0,37.0,1,1.0,0,,False,45,14
2026-08-31T18:04:01,2026-gov-NM,2026-08-31,64,17.0,41.0,24.0,1,1.0,0,,False,45,14
2026-08-31T18:04:01,2026-gov-GA,2026-08-31,64,0.4,46.26,45.86,2,1.76,0,,False,45,14
2026-08-31T18:04:02,2026-gov-WI,2026-08-31,64,2.85,45.96,43.1,7,5.9,3,0.0,False,45,14
2026-08-31T18:04:02,2026-gov-ME,2026-08-31,64,11.83,49.0,37.17,2,1.67,0,,False,45,14
2026-08-31T18:04:02,2026-gov-NH,2026-08-31,64,-10.42,38.58,49.0,2,1.95,0,,False,45,14
2026-08-31T18:04:02,2026-gov-MN,2026-08-31,64,16.0,52.0,36.0,1,1.0,0,,False,45,14
2026-08-31T18:04:02,2026-generic-ballot,2026-08-31,64,5.84,40.87,35.02,5,4.91,0,,False,45,14
2026-09-01T15:30:49,2026-senate-GA,2026-09-01,63,7.5,50.1,42.6,1,1.0,0,,False,45,14
2026-09-01T15:30:49,2026-senate-MI,2026-09-01,63,1.9,46.07,44.16,10,7.91,3,3.42,False,45,14
2026-09-01T15:30:49,2026-senate-NC,2026-09-01,63,8.73,50.36,41.64,8,7.04,1,-2.93,False,45,14
2026-09-01T15:30:49,2026-senate-ME,2026-09-01,63,2.78,48.49,45.71,3,2.6,1,1.5,False,45,14
2026-09-01T15:30:49,2026-senate-OH,2026-09-01,63,5.97,50.46,44.49,2,2.0,0,,False,45,14
2026-09-01T15:30:50,2026-senate-TX,2026-09-01,63,3.18,46.68,43.5,8,6.05,1,0.29,False,45,14
2026-09-01T15:30:50,2026-senate-IA,2026-09-01,63,-4.09,42.13,46.23,2,1.77,0,,False,45,14
2026-09-01T15:30:50,2026-senate-NH,2026-09-01,63,1.77,45.09,43.32,2,1.95,0,,False,45,14
2026-09-01T15:30:50,2026-senate-MN,2026-09-01,63,5.0,46.0,41.0,1,1.0,0,,False,45,14
2026-09-01T15:30:50,2026-senate-AK,2026-09-01,63,1.6,50.8,49.2,1,1.0,0,,False,45,14
2026-09-01T15:30:50,2026-gov-AZ,2026-09-01,63,6.68,45.79,39.11,8,6.77,1,-2.57,False,45,14
2026-09-01T15:30:50,2026-gov-PA,2026-09-01,63,21.33,53.55,32.22,6,4.95,1,-15.8,False,45,14
2026-09-01T15:30:50,2026-gov-MI,2026-09-01,63,4.74,47.32,42.59,6,4.34,0,,False,45,14
2026-09-01T15:30:51,2026-gov-OH,2026-09-01,63,-0.48,47.49,47.97,2,2.0,0,,False,45,14
2026-09-01T15:30:51,2026-gov-TX,2026-09-01,63,-4.89,43.32,48.22,8,5.99,1,1.29,False,45,14
2026-09-01T15:30:51,2026-gov-FL,2026-09-01,63,-7.0,38.0,45.0,1,1.0,0,,False,45,14
2026-09-01T15:30:51,2026-gov-NY,2026-09-01,63,10.0,49.0,39.0,1,1.0,0,,False,45,14
2026-09-01T15:30:52,2026-gov-CA,2026-09-01,63,18.0,55.0,37.0,1,1.0,0,,False,45,14
2026-09-01T15:30:52,2026-gov-NM,2026-09-01,63,17.0,41.0,24.0,1,1.0,0,,False,45,14
2026-09-01T15:30:52,2026-gov-GA,2026-09-01,63,0.4,46.26,45.86,2,1.76,0,,False,45,14
2026-09-01T15:30:52,2026-gov-WI,2026-09-01,63,2.85,45.96,43.1,7,5.9,3,0.0,False,45,14
2026-09-01T15:30:52,2026-gov-ME,2026-09-01,63,11.83,49.0,37.17,2,1.67,0,,False,45,14
2026-09-01T15:30:52,2026-gov-NH,2026-09-01,63,-10.42,38.58,49.0,2,1.95,0,,False,45,14
2026-09-01T15:30:52,2026-gov-MN,2026-09-01,63,16.0,52.0,36.0,1,1.0,0,,False,45,14
2026-09-01T15:30:53,2026-generic-ballot,2026-09-01,63,5.84,40.87,35.02,5,4.91,0,,False,45,14
2026-09-02T15:12:06,2026-senate-GA,2026-09-02,62,7.5,50.1,42.6,1,1.0,0,,False,45,14
2026-09-02T15:12:07,2026-senate-MI,2026-09-02,62,2.55,46.79,44.24,12,9.76,3,2.26,False,45,14
2026-09-02T15:12:07,2026-senate-NC,2026-09-02,62,8.73,50.36,41.64,8,7.04,1,-2.93,False,45,14
2026-09-02T15:12:07,2026-senate-ME,2026-09-02,62,2.78,48.49,45.71,3,2.6,1,1.5,False,45,14
2026-09-02T15:12:07,2026-senate-OH,2026-09-02,62,5.97,50.46,44.49,2,2.0,0,,False,45,14
2026-09-02T15:12:07,2026-senate-TX,2026-09-02,62,3.18,46.68,43.5,8,6.05,1,0.29,False,45,14
2026-09-02T15:12:07,2026-senate-IA,2026-09-02,62,-4.09,42.13,46.23,2,1.77,0,,False,45,14
2026-09-02T15:12:07,2026-senate-NH,2026-09-02,62,1.77,45.09,43.32,2,1.95,0,,False,45,14
2026-09-02T15:12:07,2026-senate-MN,2026-09-02,62,5.0,46.0,41.0,1,1.0,0,,False,45,14
2026-09-02T15:12:07,2026-senate-AK,2026-09-02,62,1.6,50.8,49.2,1,1.0,0,,False,45,14
2026-09-02T15:12:08,2026-gov-AZ,2026-09-02,62,6.68,45.79,39.11,8,6.77,1,-2.57,False,45,14
2026-09-02T15:12:08,2026-gov-PA,2026-09-02,62,21.33,53.55,32.22,6,4.95,1,-15.8,False,45,14
2026-09-02T15:12:08,2026-gov-MI,2026-09-02,62,6.51,48.48,41.97,8,6.25,0,,False,45,14
2026-09-02T15:12:08,2026-gov-OH,2026-09-02,62,-0.48,47.49,47.97,2,2.0,0,,False,45,14
2026-09-02T15:12:08,2026-gov-TX,2026-09-02,62,-4.89,43.32,48.22,8,5.99,1,1.29,False,45,14
2026-09-02T15:12:08,2026-gov-FL,2026-09-02,62,-7.0,38.0,45.0,1,1.0,0,,False,45,14
2026-09-02T15:12:08,2026-gov-NY,2026-09-02,62,10.0,49.0,39.0,1,1.0,0,,False,45,14
2026-09-02T15:12:08,2026-gov-CA,2026-09-02,62,18.0,55.0,37.0,1,1.0,0,,False,45,14
2026-09-02T15:12:08,2026-gov-NM,2026-09-02,62,17.0,41.0,24.0,1,1.0,0,,False,45,14
2026-09-02T15:12:08,2026-gov-GA,2026-09-02,62,0.4,46.26,45.86,2,1.76,0,,False,45,14
2026-09-02T15:12:08,2026-gov-WI,2026-09-02,62,2.85,45.96,43.1,7,5.9,3,0.0,False,45,14
2026-09-02T15:12:09,2026-gov-ME,2026-09-02,62,11.83,49.0,37.17,2,1.67,0,,False,45,14
2026-09-02T15:12:09,2026-gov-NH,2026-09-02,62,-10.42,38.58,49.0,2,1.95,0,,False,45,14
2026-09-02T15:12:09,2026-gov-MN,2026-09-02,62,16.0,52.0,36.0,1,1.0,0,,False,45,14
2026-09-02T15:12:09,2026-generic-ballot,2026-09-02,62,5.84,40.87,35.02,5,4.91,0,,False,45,14
2026-09-03T15:05:35,2026-senate-GA,2026-09-03,61,7.5,50.1,42.6,1,1.0,0,,False,45,14
2026-09-03T15:05:36,2026-senate-MI,2026-09-03,61,2.55,46.79,44.24,12,9.76,3,2.26,False,45,14
2026-09-03T15:05:36,2026-senate-NC,2026-09-03,61,8.73,50.36,41.64,8,7.04,1,-2.93,False,45,14
2026-09-03T15:05:37,2026-senate-ME,2026-09-03,61,2.78,48.49,45.71,3,2.6,1,1.5,False,45,14
2026-09-03T15:05:37,2026-senate-OH,2026-09-03,61,5.97,50.46,44.49,2,2.0,0,,False,45,14
2026-09-03T15:05:37,2026-senate-TX,2026-09-03,61,3.18,46.68,43.5,8,6.05,1,0.29,False,45,14
2026-09-03T15:05:38,2026-senate-IA,2026-09-03,61,-4.09,42.13,46.23,2,1.77,0,,False,45,14
2026-09-03T15:05:38,2026-senate-NH,2026-09-03,61,1.77,45.09,43.32,2,1.95,0,,False,45,14
2026-09-03T15:05:38,2026-senate-MN,2026-09-03,61,5.0,46.0,41.0,1,1.0,0,,False,45,14
2026-09-03T15:05:38,2026-senate-AK,2026-09-03,61,1.6,50.8,49.2,1,1.0,0,,False,45,14
2026-09-03T15:05:39,2026-gov-AZ,2026-09-03,61,6.68,45.79,39.11,8,6.77,1,-2.57,False,45,14
2026-09-03T15:05:39,2026-gov-PA,2026-09-03,61,21.33,53.55,32.22,6,4.95,1,-15.8,False,45,14
2026-09-03T15:05:39,2026-gov-MI,2026-09-03,61,6.51,48.48,41.97,8,6.25,0,,False,45,14
2026-09-03T15:05:40,2026-gov-OH,2026-09-03,61,-0.48,47.49,47.97,2,2.0,0,,False,45,14
2026-09-03T15:05:40,2026-gov-TX,2026-09-03,61,-4.89,43.32,48.22,8,5.99,1,1.29,False,45,14
2026-09-03T15:05:40,2026-gov-FL,2026-09-03,61,-7.0,38.0,45.0,1,1.0,0,,False,45,14
2026-09-03T15:05:41,2026-gov-NY,2026-09-03,61,10.0,49.0,39.0,1,1.0,0,,False,45,14
2026-09-03T15:05:41,2026-gov-CA,2026-09-03,61,18.0,55.0,37.0,1,1.0,0,,False,45,14
2026-09-03T15:05:41,2026-gov-NM,2026-09-03,61,17.0,41.0,24.0,1,1.0,0,,False,45,14
2026-09-03T15:05:42,2026-gov-GA,2026-09-03,61,0.4,46.26,45.86,2,1.76,0,,False,45,14
2026-09-03T15:05:42,2026-gov-WI,2026-09-03,61,2.85,45.96,43.1,7,5.9,3,0.0,False,45,14
2026-09-03T15:05:42,2026-gov-ME,2026-09-03,61,11.83,49.0,37.17,2,1.67,0,,False,45,14
2026-09-03T15:05:43,2026-gov-NH,2026-09-03,61,-10.42,38.58,49.0,2,1.95,0,,False,45,14
2026-09-03T15:05:43,2026-gov-MN,2026-09-03,61,16.0,52.0,36.0,1,1.0,0,,False,45,14
2026-09-03T15:05:44,2026-generic-ballot,2026-09-03,61,5.84,40.87,35.02,5,4.91,0,,False,45,14
2026-09-04T15:02:24,2026-senate-GA,2026-09-04,60,7.5,50.1,42.6,1,1.0,0,,False,45,14
2026-09-04T15:02:24,2026-senate-MI,2026-09-04,60,2.55,46.79,44.24,12,9.76,3,2.26,False,45,14
2026-09-04T15:02:24,2026-senate-NC,2026-09-04,60,8.73,50.36,41.64,8,7.04,1,-2.93,False,45,14
2026-09-04T15:02:25,2026-senate-ME,2026-09-04,60,2.73,48.36,45.64,2,1.86,1,2.0,False,45,14
2026-09-04T15:02:25,2026-senate-OH,2026-09-04,60,5.97,50.46,44.49,2,2.0,0,,False,45,14
2026-09-04T15:02:26,2026-senate-TX,2026-09-04,60,3.18,46.68,43.5,8,6.05,1,0.29,False,45,14
2026-09-04T15:02:26,2026-senate-IA,2026-09-04,60,-4.61,43.76,48.36,3,2.34,0,,False,45,14
2026-09-04T15:02:26,2026-senate-NH,2026-09-04,60,1.77,45.09,43.32,2,1.95,0,,False,45,14
2026-09-04T15:02:26,2026-senate-MN,2026-09-04,60,5.0,46.0,41.0,1,1.0,0,,False,45,14
2026-09-04T15:02:27,2026-senate-AK,2026-09-04,60,1.31,50.66,49.34,2,1.68,0,,False,45,14
2026-09-04T15:02:27,2026-gov-AZ,2026-09-04,60,6.68,45.79,39.11,8,6.77,1,-2.57,False,45,14
2026-09-04T15:02:28,2026-gov-PA,2026-09-04,60,21.33,53.55,32.22,6,4.95,1,-15.8,False,45,14
2026-09-04T15:02:28,2026-gov-MI,2026-09-04,60,6.51,48.48,41.97,8,6.25,0,,False,45,14
2026-09-04T15:02:28,2026-gov-OH,2026-09-04,60,-0.48,47.49,47.97,2,2.0,0,,False,45,14
2026-09-04T15:02:28,2026-gov-TX,2026-09-04,60,-4.89,43.32,48.22,8,5.99,1,1.29,False,45,14
2026-09-04T15:02:29,2026-gov-FL,2026-09-04,60,-7.0,38.0,45.0,1,1.0,0,,False,45,14
2026-09-04T15:02:29,2026-gov-NY,2026-09-04,60,13.74,49.62,35.88,2,1.88,1,6.0,False,45,14
2026-09-04T15:02:29,2026-gov-CA,2026-09-04,60,18.0,55.0,37.0,1,1.0,0,,False,45,14
2026-09-04T15:02:30,2026-gov-NM,2026-09-04,60,17.0,41.0,24.0,1,1.0,0,,False,45,14
2026-09-04T15:02:30,2026-gov-GA,2026-09-04,60,0.4,46.26,45.86,2,1.76,0,,False,45,14
2026-09-04T15:02:30,2026-gov-WI,2026-09-04,60,2.85,45.96,43.1,7,5.9,3,0.0,False,45,14
2026-09-04T15:02:31,2026-gov-ME,2026-09-04,60,11.0,49.0,38.0,1,1.0,0,,False,45,14
2026-09-04T15:02:31,2026-gov-NH,2026-09-04,60,-10.42,38.58,49.0,2,1.95,0,,False,45,14
2026-09-04T15:02:31,2026-gov-MN,2026-09-04,60,16.0,52.0,36.0,1,1.0,0,,False,45,14
2026-09-04T15:02:32,2026-generic-ballot,2026-09-04,60,5.84,40.87,35.02,5,4.91,0,,False,45,14
2026-09-05T13:57:43,2026-senate-GA,2026-09-05,59,7.5,50.1,42.6,1,1.0,0,,False,45,14
2026-09-05T13:57:43,2026-senate-MI,2026-09-05,59,2.55,46.79,44.24,12,9.76,3,2.26,False,45,14
2026-09-05T13:57:43,2026-senate-NC,2026-09-05,59,8.73,50.36,41.64,8,7.04,1,-2.93,False,45,14
2026-09-05T13:57:43,2026-senate-ME,2026-09-05,59,2.73,48.36,45.64,2,1.86,1,2.0,False,45,14
2026-09-05T13:57:43,2026-senate-OH,2026-09-05,59,5.97,50.46,44.49,2,2.0,0,,False,45,14
2026-09-05T13:57:44,2026-senate-TX,2026-09-05,59,3.18,46.68,43.5,8,6.05,1,0.29,False,45,14
2026-09-05T13:57:44,2026-senate-IA,2026-09-05,59,-4.61,43.76,48.36,3,2.34,0,,False,45,14
2026-09-05T13:57:44,2026-senate-NH,2026-09-05,59,1.77,45.09,43.32,2,1.95,0,,False,45,14
2026-09-05T13:57:44,2026-senate-MN,2026-09-05,59,5.0,46.0,41.0,1,1.0,0,,False,45,14
2026-09-05T13:57:44,2026-senate-AK,2026-09-05,59,1.31,50.66,49.34,2,1.68,0,,False,45,14
2026-09-05T13:57:45,2026-gov-AZ,2026-09-05,59,6.68,45.79,39.11,8,6.77,1,-2.57,False,45,14
2026-09-05T13:57:45,2026-gov-PA,2026-09-05,59,21.33,53.55,32.22,6,4.95,1,-15.8,False,45,14
2026-09-05T13:57:45,2026-gov-MI,2026-09-05,59,6.51,48.48,41.97,8,6.25,0,,False,45,14
2026-09-05T13:57:45,2026-gov-OH,2026-09-05,59,-0.48,47.49,47.97,2,2.0,0,,False,45,14
2026-09-05T13:57:45,2026-gov-TX,2026-09-05,59,-4.89,43.32,48.22,8,5.99,1,1.29,False,45,14
2026-09-05T13:57:45,2026-gov-FL,2026-09-05,59,-7.0,38.0,45.0,1,1.0,0,,False,45,14
2026-09-05T13:57:46,2026-gov-NY,2026-09-05,59,13.74,49.62,35.88,2,1.88,1,6.0,False,45,14
2026-09-05T13:57:46,2026-gov-CA,2026-09-05,59,18.0,55.0,37.0,1,1.0,0,,False,45,14
2026-09-05T13:57:46,2026-gov-NM,2026-09-05,59,17.0,41.0,24.0,1,1.0,0,,False,45,14
2026-09-05T13:57:46,2026-gov-GA,2026-09-05,59,0.4,46.26,45.86,2,1.76,0,,False,45,14
2026-09-05T13:57:47,2026-gov-WI,2026-09-05,59,2.85,45.96,43.1,7,5.9,3,0.0,False,45,14
2026-09-05T13:57:47,2026-gov-ME,2026-09-05,59,11.0,49.0,38.0,1,1.0,0,,False,45,14
2026-09-05T13:57:47,2026-gov-NH,2026-09-05,59,-10.42,38.58,49.0,2,1.95,0,,False,45,14
2026-09-05T13:57:47,2026-gov-MN,2026-09-05,59,16.0,52.0,36.0,1,1.0,0,,False,45,14
2026-09-05T13:57:47,2026-generic-ballot,2026-09-05,59,5.84,40.87,35.02,5,4.91,0,,False,45,14
2026-09-06T14:19:10,2026-senate-GA,2026-09-06,58,7.5,50.1,42.6,1,1.0,0,,False,45,14
2026-09-06T14:19:10,2026-senate-MI,2026-09-06,58,2.55,46.79,44.24,12,9.76,3,2.26,False,45,14
2026-09-06T14:19:10,2026-senate-NC,2026-09-06,58,8.73,50.36,41.64,8,7.04,1,-2.93,False,45,14
2026-09-06T14:19:10,2026-senate-ME,2026-09-06,58,2.73,48.36,45.64,2,1.86,1,2.0,False,45,14
2026-09-06T14:19:11,2026-senate-OH,2026-09-06,58,5.97,50.46,44.49,2,2.0,0,,False,45,14
2026-09-06T14:19:11,2026-senate-TX,2026-09-06,58,3.18,46.68,43.5,8,6.05,1,0.29,False,45,14
2026-09-06T14:19:11,2026-senate-IA,2026-09-06,58,-4.61,43.76,48.36,3,2.34,0,,False,45,14
2026-09-06T14:19:11,2026-senate-NH,2026-09-06,58,1.77,45.09,43.32,2,1.95,0,,False,45,14
2026-09-06T14:19:11,2026-senate-MN,2026-09-06,58,5.0,46.0,41.0,1,1.0,0,,False,45,14
2026-09-06T14:19:11,2026-senate-AK,2026-09-06,58,1.31,50.66,49.34,2,1.68,0,,False,45,14
2026-09-06T14:19:11,2026-gov-AZ,2026-09-06,58,6.68,45.79,39.11,8,6.77,1,-2.57,False,45,14
2026-09-06T14:19:11,2026-gov-PA,2026-09-06,58,21.33,53.55,32.22,6,4.95,1,-15.8,False,45,14
2026-09-06T14:19:11,2026-gov-MI,2026-09-06,58,6.51,48.48,41.97,8,6.25,0,,False,45,14
2026-09-06T14:19:11,2026-gov-OH,2026-09-06,58,-0.48,47.49,47.97,2,2.0,0,,False,45,14
2026-09-06T14:19:12,2026-gov-TX,2026-09-06,58,-4.89,43.32,48.22,8,5.99,1,1.29,False,45,14
2026-09-06T14:19:12,2026-gov-FL,2026-09-06,58,-7.0,38.0,45.0,1,1.0,0,,False,45,14
2026-09-06T14:19:12,2026-gov-NY,2026-09-06,58,13.74,49.62,35.88,2,1.88,1,6.0,False,45,14
2026-09-06T14:19:12,2026-gov-CA,2026-09-06,58,18.0,55.0,37.0,1,1.0,0,,False,45,14
2026-09-06T14:19:12,2026-gov-NM,2026-09-06,58,17.0,41.0,24.0,1,1.0,0,,False,45,14
2026-09-06T14:19:12,2026-gov-GA,2026-09-06,58,0.4,46.26,45.86,2,1.76,0,,False,45,14
2026-09-06T14:19:12,2026-gov-WI,2026-09-06,58,2.85,45.96,43.1,7,5.9,3,0.0,False,45,14
2026-09-06T14:19:12,2026-gov-ME,2026-09-06,58,11.0,49.0,38.0,1,1.0,0,,False,45,14
2026-09-06T14:19:12,2026-gov-NH,2026-09-06,58,-10.42,38.58,49.0,2,1.95,0,,False,45,14
2026-09-06T14:19:12,2026-gov-MN,2026-09-06,58,16.0,52.0,36.0,1,1.0,0,,False,45,14
2026-09-06T14:19:13,2026-generic-ballot,2026-09-06,58,5.84,40.87,35.02,5,4.91,0,,False,45,14
2026-09-07T16:35:33,2026-senate-GA,2026-09-07,57,7.5,50.1,42.6,1,1.0,0,,False,45,14
2026-09-07T16:35:34,2026-senate-MI,2026-09-07,57,2.55,46.79,44.24,12,9.76,3,2.26,False,45,14
2026-09-07T16:35:34,2026-senate-NC,2026-09-07,57,8.03,50.15,42.12,6,5.74,1,-1.5,False,45,14
2026-09-07T16:35:34,2026-senate-ME,2026-09-07,57,2.73,48.36,45.64,2,1.86,1,2.0,False,45,14
2026-09-07T16:35:34,2026-senate-OH,2026-09-07,57,5.97,50.46,44.49,2,2.0,0,,False,45,14
2026-09-07T16:35:34,2026-senate-TX,2026-09-07,57,3.18,46.68,43.5,8,6.05,1,0.29,False,45,14
2026-09-07T16:35:35,2026-senate-IA,2026-09-07,57,-4.61,43.76,48.36,3,2.34,0,,False,45,14
2026-09-07T16:35:35,2026-senate-NH,2026-09-07,57,1.77,45.09,43.32,2,1.95,0,,False,45,14
2026-09-07T16:35:35,2026-senate-MN,2026-09-07,57,5.0,46.0,41.0,1,1.0,0,,False,45,14
2026-09-07T16:35:35,2026-senate-AK,2026-09-07,57,1.31,50.66,49.34,2,1.68,0,,False,45,14
2026-09-07T16:35:35,2026-gov-AZ,2026-09-07,57,6.68,45.79,39.11,8,6.77,1,-2.57,False,45,14
2026-09-07T16:35:36,2026-gov-PA,2026-09-07,57,21.33,53.55,32.22,6,4.95,1,-15.8,False,45,14
2026-09-07T16:35:36,2026-gov-MI,2026-09-07,57,6.51,48.48,41.97,8,6.25,0,,False,45,14
2026-09-07T16:35:36,2026-gov-OH,2026-09-07,57,-0.48,47.49,47.97,2,2.0,0,,False,45,14
2026-09-07T16:35:36,2026-gov-TX,2026-09-07,57,-4.89,43.32,48.22,8,5.99,1,1.29,False,45,14
2026-09-07T16:35:36,2026-gov-FL,2026-09-07,57,-7.0,38.0,45.0,1,1.0,0,,False,45,14
2026-09-07T16:35:36,2026-gov-NY,2026-09-07,57,13.74,49.62,35.88,2,1.88,1,6.0,False,45,14
2026-09-07T16:35:37,2026-gov-CA,2026-09-07,57,18.0,55.0,37.0,1,1.0,0,,False,45,14
2026-09-07T16:35:37,2026-gov-NM,2026-09-07,57,17.0,41.0,24.0,1,1.0,0,,False,45,14
2026-09-07T16:35:37,2026-gov-GA,2026-09-07,57,0.4,46.26,45.86,2,1.76,0,,False,45,14
2026-09-07T16:35:37,2026-gov-WI,2026-09-07,57,2.85,45.96,43.1,7,5.9,3,0.0,False,45,14
2026-09-07T16:35:37,2026-gov-ME,2026-09-07,57,11.0,49.0,38.0,1,1.0,0,,False,45,14
2026-09-07T16:35:38,2026-gov-NH,2026-09-07,57,-10.42,38.58,49.0,2,1.95,0,,False,45,14
2026-09-07T16:35:38,2026-gov-MN,2026-09-07,57,16.0,52.0,36.0,1,1.0,0,,False,45,14
2026-09-07T16:35:38,2026-generic-ballot,2026-09-07,57,5.84,40.87,35.02,5,4.91,0,,False,45,14
2026-09-08T15:13:44,2026-senate-GA,2026-09-08,56,7.5,50.1,42.6,1,1.0,0,,False,45,14
2026-09-08T15:13:44,2026-senate-MI,2026-09-08,56,2.92,47.02,44.11,11,9.29,3,0.92,False,45,14
2026-09-08T15:13:44,2026-senate-NC,2026-09-08,56,8.03,50.15,42.12,6,5.74,1,-1.5,False,45,14
2026-09-08T15:13:45,2026-senate-ME,2026-09-08,56,2.73,48.36,45.64,2,1.86,1,2.0,False,45,14
2026-09-08T15:13:45,2026-senate-OH,2026-09-08,56,5.97,50.46,44.49,2,2.0,0,,False,45,14
2026-09-08T15:13:45,2026-senate-TX,2026-09-08,56,3.18,46.68,43.5,8,6.05,1,0.29,False,45,14
2026-09-08T15:13:45,2026-senate-IA,2026-09-08,56,-4.61,43.76,48.36,3,2.34,0,,False,45,14
2026-09-08T15:13:46,2026-senate-NH,2026-09-08,56,1.77,45.09,43.32,2,1.95,0,,False,45,14
2026-09-08T15:13:46,2026-senate-MN,2026-09-08,56,5.0,46.0,41.0,1,1.0,0,,False,45,14
2026-09-08T15:13:46,2026-senate-AK,2026-09-08,56,1.31,50.66,49.34,2,1.68,0,,False,45,14
2026-09-08T15:13:46,2026-gov-AZ,2026-09-08,56,6.68,45.79,39.11,8,6.77,1,-2.57,False,45,14
2026-09-08T15:13:47,2026-gov-PA,2026-09-08,56,21.13,53.58,32.45,5,4.52,1,-15.25,False,45,14
2026-09-08T15:13:47,2026-gov-MI,2026-09-08,56,6.57,48.68,42.11,7,5.81,0,,False,45,14
2026-09-08T15:13:47,2026-gov-OH,2026-09-08,56,-0.48,47.49,47.97,2,2.0,0,,False,45,14
2026-09-08T15:13:47,2026-gov-TX,2026-09-08,56,-4.89,43.32,48.22,8,5.99,1,1.29,False,45,14
2026-09-08T15:13:48,2026-gov-FL,2026-09-08,56,-7.0,38.0,45.0,1,1.0,0,,False,45,14
2026-09-08T15:13:48,2026-gov-NY,2026-09-08,56,13.74,49.62,35.88,2,1.88,1,6.0,False,45,14
2026-09-08T15:13:48,2026-gov-CA,2026-09-08,56,18.0,55.0,37.0,1,1.0,0,,False,45,14
2026-09-08T15:13:48,2026-gov-NM,2026-09-08,56,17.0,41.0,24.0,1,1.0,0,,False,45,14
2026-09-08T15:13:49,2026-gov-GA,2026-09-08,56,0.4,46.26,45.86,2,1.76,0,,False,45,14
2026-09-08T15:13:49,2026-gov-WI,2026-09-08,56,2.84,45.95,43.11,6,5.43,3,0.0,False,45,14
2026-09-08T15:13:49,2026-gov-ME,2026-09-08,56,11.0,49.0,38.0,1,1.0,0,,False,45,14
2026-09-08T15:13:49,2026-gov-NH,2026-09-08,56,-10.42,38.58,49.0,2,1.95,0,,False,45,14
2026-09-08T15:13:50,2026-gov-MN,2026-09-08,56,16.0,52.0,36.0,1,1.0,0,,False,45,14
2026-09-08T15:13:50,2026-generic-ballot,2026-09-08,56,5.84,40.87,35.02,5,4.91,0,,False,45,14
2026-09-09T15:13:28,2026-senate-GA,2026-09-09,55,7.5,50.1,42.6,1,1.0,0,,False,45,14
2026-09-09T15:13:28,2026-senate-MI,2026-09-09,55,2.92,47.02,44.11,11,9.29,3,0.92,False,45,14
2026-09-09T15:13:28,2026-senate-NC,2026-09-09,55,8.03,50.15,42.12,6,5.74,1,-1.5,False,45,14
2026-09-09T15:13:29,2026-senate-ME,2026-09-09,55,2.73,48.36,45.64,2,1.86,1,2.0,False,45,14
2026-09-09T15:13:29,2026-senate-OH,2026-09-09,55,5.97,50.46,44.49,2,2.0,0,,False,45,14
2026-09-09T15:13:29,2026-senate-TX,2026-09-09,55,3.18,46.68,43.5,8,6.05,1,0.29,False,45,14
2026-09-09T15:13:29,2026-senate-IA,2026-09-09,55,-4.61,43.76,48.36,3,2.34,0,,False,45,14
2026-09-09T15:13:30,2026-senate-NH,2026-09-09,55,1.77,45.09,43.32,2,1.95,0,,False,45,14
2026-09-09T15:13:30,2026-senate-MN,2026-09-09,55,5.0,46.0,41.0,1,1.0,0,,False,45,14
2026-09-09T15:13:30,2026-senate-AK,2026-09-09,55,1.31,50.66,49.34,2,1.68,0,,False,45,14
2026-09-09T15:13:30,2026-gov-AZ,2026-09-09,55,6.68,45.79,39.11,8,6.77,1,-2.57,False,45,14
2026-09-09T15:13:31,2026-gov-PA,2026-09-09,55,21.13,53.58,32.45,5,4.52,1,-15.25,False,45,14
2026-09-09T15:13:31,2026-gov-MI,2026-09-09,55,6.57,48.68,42.11,7,5.81,0,,False,45,14
2026-09-09T15:13:31,2026-gov-OH,2026-09-09,55,-0.48,47.49,47.97,2,2.0,0,,False,45,14
2026-09-09T15:13:31,2026-gov-TX,2026-09-09,55,-4.89,43.32,48.22,8,5.99,1,1.29,False,45,14
2026-09-09T15:13:31,2026-gov-FL,2026-09-09,55,-7.0,38.0,45.0,1,1.0,0,,False,45,14
2026-09-09T15:13:32,2026-gov-NY,2026-09-09,55,13.74,49.62,35.88,2,1.88,1,6.0,False,45,14
2026-09-09T15:13:32,2026-gov-CA,2026-09-09,55,18.0,55.0,37.0,1,1.0,0,,False,45,14
2026-09-09T15:13:32,2026-gov-NM,2026-09-09,55,17.0,41.0,24.0,1,1.0,0,,False,45,14
2026-09-09T15:13:33,2026-gov-GA,2026-09-09,55,0.4,46.26,45.86,2,1.76,0,,False,45,14
2026-09-09T15:13:33,2026-gov-WI,2026-09-09,55,2.84,45.95,43.11,6,5.43,3,0.0,False,45,14
2026-09-09T15:13:33,2026-gov-ME,2026-09-09,55,11.0,49.0,38.0,1,1.0,0,,False,45,14
2026-09-09T15:13:33,2026-gov-NH,2026-09-09,55,-10.42,38.58,49.0,2,1.95,0,,False,45,14
2026-09-09T15:13:34,2026-gov-MN,2026-09-09,55,16.0,52.0,36.0,1,1.0,0,,False,45,14
2026-09-09T15:13:34,2026-generic-ballot,2026-09-09,55,6.52,43.86,37.34,7,6.08,0,,False,45,14
2026-09-10T15:05:16,2026-senate-GA,2026-09-10,54,7.5,50.1,42.6,1,1.0,0,,False,45,14
2026-09-10T15:05:16,2026-senate-MI,2026-09-10,54,2.92,47.02,44.11,11,9.29,3,0.92,False,45,14
2026-09-10T15:05:16,2026-senate-NC,2026-09-10,54,8.03,50.15,42.12,6,5.74,1,-1.5,False,45,14
2026-09-10T15:05:16,2026-senate-ME,2026-09-10,54,2.73,48.36,45.64,2,1.86,1,2.0,False,45,14
2026-09-10T15:05:16,2026-senate-OH,2026-09-10,54,5.97,50.46,44.49,2,2.0,0,,False,45,14
2026-09-10T15:05:16,2026-senate-TX,2026-09-10,54,3.18,46.68,43.5,8,6.05,1,0.29,False,45,14
2026-09-10T15:05:17,2026-senate-IA,2026-09-10,54,-4.61,43.76,48.36,3,2.34,0,,False,45,14
2026-09-10T15:05:17,2026-senate-NH,2026-09-10,54,1.77,45.09,43.32,2,1.95,0,,False,45,14
2026-09-10T15:05:17,2026-senate-MN,2026-09-10,54,5.0,46.0,41.0,1,1.0,0,,False,45,14
2026-09-10T15:05:17,2026-senate-AK,2026-09-10,54,1.31,50.66,49.34,2,1.68,0,,False,45,14
2026-09-10T15:05:17,2026-gov-AZ,2026-09-10,54,6.68,45.79,39.11,8,6.77,1,-2.57,False,45,14
2026-09-10T15:05:17,2026-gov-PA,2026-09-10,54,21.13,53.58,32.45,5,4.52,1,-15.25,False,45,14
2026-09-10T15:05:17,2026-gov-MI,2026-09-10,54,6.57,48.68,42.11,7,5.81,0,,False,45,14
2026-09-10T15:05:17,2026-gov-OH,2026-09-10,54,-0.48,47.49,47.97,2,2.0,0,,False,45,14
2026-09-10T15:05:17,2026-gov-TX,2026-09-10,54,-4.89,43.32,48.22,8,5.99,1,1.29,False,45,14
2026-09-10T15:05:17,2026-gov-NY,2026-09-10,54,13.74,49.62,35.88,2,1.88,1,6.0,False,45,14
2026-09-10T15:05:18,2026-gov-CA,2026-09-10,54,18.0,55.0,37.0,1,1.0,0,,False,45,14
2026-09-10T15:05:18,2026-gov-NM,2026-09-10,54,17.0,41.0,24.0,1,1.0,0,,False,45,14
2026-09-10T15:05:18,2026-gov-GA,2026-09-10,54,0.4,46.26,45.86,2,1.76,0,,False,45,14
2026-09-10T15:05:18,2026-gov-WI,2026-09-10,54,2.84,45.95,43.11,6,5.43,3,0.0,False,45,14
2026-09-10T15:05:18,2026-gov-ME,2026-09-10,54,11.0,49.0,38.0,1,1.0,0,,False,45,14
2026-09-10T15:05:18,2026-gov-NH,2026-09-10,54,-10.42,38.58,49.0,2,1.95,0,,False,45,14
2026-09-10T15:05:18,2026-gov-MN,2026-09-10,54,16.0,52.0,36.0,1,1.0,0,,False,45,14
2026-09-10T15:05:18,2026-generic-ballot,2026-09-10,54,6.52,43.86,37.34,7,6.08,0,,False,45,14
2026-09-11T15:08:12,2026-senate-GA,2026-09-11,53,7.5,50.1,42.6,1,1.0,0,,False,45,14
2026-09-11T15:08:12,2026-senate-MI,2026-09-11,53,2.52,46.82,44.3,12,7.4,4,0.62,False,45,14
2026-09-11T15:08:12,2026-senate-NC,2026-09-11,53,8.68,50.28,41.6,7,5.21,1,-1.75,False,45,14
2026-09-11T15:08:12,2026-senate-ME,2026-09-11,53,3.69,48.09,44.4,3,1.66,1,1.0,False,45,14
2026-09-11T15:08:13,2026-senate-OH,2026-09-11,53,5.57,48.24,42.67,3,1.86,0,,False,45,14
2026-09-11T15:08:13,2026-senate-TX,2026-09-11,53,3.21,47.14,43.93,10,6.08,1,0.06,False,45,14
2026-09-11T15:08:13,2026-senate-IA,2026-09-11,53,0.32,44.97,44.64,5,3.56,0,,False,45,14
2026-09-11T15:08:13,2026-senate-NH,2026-09-11,53,1.77,45.09,43.32,2,1.95,0,,False,45,14
2026-09-11T15:08:13,2026-senate-MN,2026-09-11,53,4.07,47.7,43.63,2,1.54,0,,False,45,14
2026-09-11T15:08:14,2026-senate-AK,2026-09-11,53,1.31,50.66,49.34,2,1.68,0,,False,45,14
2026-09-11T15:08:14,2026-gov-AZ,2026-09-11,53,6.68,45.79,39.11,8,6.77,1,-2.57,False,45,14
2026-09-11T15:08:14,2026-gov-PA,2026-09-11,53,21.13,53.58,32.45,5,4.52,1,-15.25,False,45,14
2026-09-11T15:08:14,2026-gov-MI,2026-09-11,53,6.57,48.68,42.11,7,5.81,0,,False,45,14
2026-09-11T15:08:15,2026-gov-OH,2026-09-11,53,-0.48,47.49,47.97,2,2.0,0,,False,45,14
2026-09-11T15:08:15,2026-gov-TX,2026-09-11,53,-3.3,44.69,47.99,9,5.86,1,1.0,False,45,14
2026-09-11T15:08:15,2026-gov-FL,2026-09-11,53,3.0,47.0,44.0,1,1.0,0,,False,45,14
2026-09-11T15:08:15,2026-gov-NY,2026-09-11,53,13.74,49.62,35.88,2,1.88,1,6.0,False,45,14
2026-09-11T15:08:15,2026-gov-NV,2026-09-11,53,2.2,44.2,42.0,1,1.0,0,,False,45,14
2026-09-11T15:08:15,2026-gov-CA,2026-09-11,53,18.0,55.0,37.0,1,1.0,0,,False,45,14
2026-09-11T15:08:16,2026-gov-NM,2026-09-11,53,17.0,41.0,24.0,1,1.0,0,,False,45,14
2026-09-11T15:08:16,2026-gov-GA,2026-09-11,53,0.4,46.26,45.86,2,1.76,0,,False,45,14
2026-09-11T15:08:16,2026-gov-WI,2026-09-11,53,2.84,45.95,43.11,6,5.43,3,0.0,False,45,14
2026-09-11T15:08:16,2026-gov-ME,2026-09-11,53,11.0,47.34,36.34,2,1.4,0,,False,45,14
2026-09-11T15:08:16,2026-gov-NH,2026-09-11,53,-10.42,38.58,49.0,2,1.95,0,,False,45,14
2026-09-11T15:08:16,2026-gov-MN,2026-09-11,53,16.0,52.0,36.0,1,1.0,0,,False,45,14
2026-09-11T15:08:17,2026-generic-ballot,2026-09-11,53,6.52,43.86,37.34,7,6.08,0,,False,45,14
2026-09-12T14:16:27,2026-senate-GA,2026-09-12,52,7.5,50.1,42.6,1,1.0,0,,False,45,14
2026-09-12T14:16:28,2026-senate-MI,2026-09-12,52,2.52,46.82,44.3,12,7.4,4,0.62,False,45,14
2026-09-12T14:16:28,2026-senate-NC,2026-09-12,52,8.68,50.28,41.6,7,5.21,1,-1.75,False,45,14
2026-09-12T14:16:28,2026-senate-ME,2026-09-12,52,3.69,48.09,44.4,3,1.66,1,1.0,False,45,14
2026-09-12T14:16:28,2026-senate-OH,2026-09-12,52,5.57,48.24,42.67,3,1.86,0,,False,45,14
2026-09-12T14:16:29,2026-senate-TX,2026-09-12,52,3.21,47.14,43.93,10,6.08,1,0.06,False,45,14
2026-09-12T14:16:29,2026-senate-IA,2026-09-12,52,0.32,44.97,44.64,5,3.56,0,,False,45,14
2026-09-12T14:16:29,2026-senate-NH,2026-09-12,52,1.77,45.09,43.32,2,1.95,0,,False,45,14
2026-09-12T14:16:29,2026-senate-MN,2026-09-12,52,4.07,47.7,43.63,2,1.54,0,,False,45,14
2026-09-12T14:16:30,2026-senate-AK,2026-09-12,52,1.31,50.66,49.34,2,1.68,0,,False,45,14
2026-09-12T14:16:30,2026-gov-AZ,2026-09-12,52,6.59,45.39,38.79,7,6.13,1,-2.5,False,45,14
2026-09-12T14:16:30,2026-gov-PA,2026-09-12,52,21.13,53.58,32.45,5,4.52,1,-15.25,False,45,14
2026-09-12T14:16:31,2026-gov-MI,2026-09-12,52,6.57,48.68,42.11,7,5.81,0,,False,45,14
2026-09-12T14:16:31,2026-gov-OH,2026-09-12,52,-0.48,47.49,47.97,2,2.0,0,,False,45,14
2026-09-12T14:16:31,2026-gov-TX,2026-09-12,52,-3.3,44.69,47.99,9,5.86,1,1.0,False,45,14
2026-09-12T14:16:31,2026-gov-FL,2026-09-12,52,3.0,47.0,44.0,1,1.0,0,,False,45,14
2026-09-12T14:16:32,2026-gov-NY,2026-09-12,52,13.74,49.62,35.88,2,1.88,1,6.0,False,45,14
2026-09-12T14:16:32,2026-gov-NV,2026-09-12,52,2.2,44.2,42.0,1,1.0,0,,False,45,14
2026-09-12T14:16:32,2026-gov-CA,2026-09-12,52,18.0,55.0,37.0,1,1.0,0,,False,45,14
2026-09-12T14:16:32,2026-gov-NM,2026-09-12,52,17.0,41.0,24.0,1,1.0,0,,False,45,14
2026-09-12T14:16:33,2026-gov-GA,2026-09-12,52,0.4,46.26,45.86,2,1.76,0,,False,45,14
2026-09-12T14:16:33,2026-gov-WI,2026-09-12,52,2.84,45.95,43.11,6,5.43,3,0.0,False,45,14
2026-09-12T14:16:33,2026-gov-ME,2026-09-12,52,11.0,47.34,36.34,2,1.4,0,,False,45,14
2026-09-12T14:16:33,2026-gov-NH,2026-09-12,52,-10.42,38.58,49.0,2,1.95,0,,False,45,14
2026-09-12T14:16:34,2026-gov-MN,2026-09-12,52,16.0,52.0,36.0,1,1.0,0,,False,45,14
2026-09-12T14:16:34,2026-generic-ballot,2026-09-12,52,6.52,43.86,37.34,7,6.08,0,,False,45,14
2026-09-13T14:58:00,2026-senate-GA,2026-09-13,51,7.5,50.1,42.6,1,1.0,0,,False,45,14
2026-09-13T14:58:00,2026-senate-MI,2026-09-13,51,2.59,46.87,44.28,11,7.04,4,0.38,False,45,14
2026-09-13T14:58:00,2026-senate-NC,2026-09-13,51,8.68,50.28,41.6,7,5.21,1,-1.75,False,45,14
2026-09-13T14:58:01,2026-senate-ME,2026-09-13,51,3.69,48.09,44.4,3,1.66,1,1.0,False,45,14
2026-09-13T14:58:01,2026-senate-OH,2026-09-13,51,5.57,48.24,42.67,3,1.86,0,,False,45,14
2026-09-13T14:58:01,2026-senate-TX,2026-09-13,51,3.21,47.14,43.93,10,6.08,1,0.06,False,45,14
2026-09-13T14:58:02,2026-senate-IA,2026-09-13,51,0.32,44.97,44.64,5,3.56,0,,False,45,14
2026-09-13T14:58:02,2026-senate-NH,2026-09-13,51,1.77,45.09,43.32,2,1.95,0,,False,45,14
2026-09-13T14:58:02,2026-senate-MN,2026-09-13,51,4.07,47.7,43.63,2,1.54,0,,False,45,14
2026-09-13T14:58:02,2026-senate-AK,2026-09-13,51,1.31,50.66,49.34,2,1.68,0,,False,45,14
2026-09-13T14:58:03,2026-gov-AZ,2026-09-13,51,6.59,45.39,38.79,7,6.13,1,-2.5,False,45,14
2026-09-13T14:58:03,2026-gov-PA,2026-09-13,51,21.13,53.58,32.45,5,4.52,1,-15.25,False,45,14
2026-09-13T14:58:04,2026-gov-MI,2026-09-13,51,6.85,48.84,41.99,6,5.25,0,,False,45,14
2026-09-13T14:58:04,2026-gov-OH,2026-09-13,51,-0.48,47.49,47.97,2,2.0,0,,False,45,14
2026-09-13T14:58:04,2026-gov-TX,2026-09-13,51,-3.3,44.69,47.99,9,5.86,1,1.0,False,45,14
2026-09-13T14:58:04,2026-gov-FL,2026-09-13,51,3.0,47.0,44.0,1,1.0,0,,False,45,14
2026-09-13T14:58:05,2026-gov-NY,2026-09-13,51,13.74,49.62,35.88,2,1.88,1,6.0,False,45,14
2026-09-13T14:58:05,2026-gov-NV,2026-09-13,51,2.2,44.2,42.0,1,1.0,0,,False,45,14
2026-09-13T14:58:05,2026-gov-CA,2026-09-13,51,18.0,55.0,37.0,1,1.0,0,,False,45,14
2026-09-13T14:58:05,2026-gov-NM,2026-09-13,51,17.0,41.0,24.0,1,1.0,0,,False,45,14
2026-09-13T14:58:06,2026-gov-GA,2026-09-13,51,0.4,46.26,45.86,2,1.76,0,,False,45,14
2026-09-13T14:58:06,2026-gov-WI,2026-09-13,51,2.84,45.95,43.11,6,5.43,3,0.0,False,45,14
2026-09-13T14:58:06,2026-gov-ME,2026-09-13,51,11.0,47.34,36.34,2,1.4,0,,False,45,14
2026-09-13T14:58:07,2026-gov-NH,2026-09-13,51,-10.42,38.58,49.0,2,1.95,0,,False,45,14
2026-09-13T14:58:07,2026-gov-MN,2026-09-13,51,16.0,52.0,36.0,1,1.0,0,,False,45,14
2026-09-13T14:58:08,2026-generic-ballot,2026-09-13,51,6.52,43.86,37.34,7,6.08,0,,False,45,14
2026-09-14T17:00:09,2026-senate-GA,2026-09-14,50,7.5,50.1,42.6,1,1.0,0,,False,45,14
2026-09-14T17:00:09,2026-senate-MI,2026-09-14,50,2.7,47.05,44.35,10,6.67,3,1.5,False,45,14
2026-09-14T17:00:09,2026-senate-NC,2026-09-14,50,8.68,50.28,41.6,7,5.21,1,-1.75,False,45,14
2026-09-14T17:00:10,2026-senate-ME,2026-09-14,50,3.69,48.09,44.4,3,1.66,1,1.0,False,45,14
2026-09-14T17:00:10,2026-senate-OH,2026-09-14,50,5.57,48.24,42.67,3,1.86,0,,False,45,14
2026-09-14T17:00:10,2026-senate-TX,2026-09-14,50,3.24,47.15,43.91,8,5.41,1,0.07,False,45,14
2026-09-14T17:00:10,2026-senate-IA,2026-09-14,50,0.32,44.97,44.64,5,3.56,0,,False,45,14
2026-09-14T17:00:11,2026-senate-NH,2026-09-14,50,1.77,45.09,43.32,2,1.95,0,,False,45,14
2026-09-14T17:00:11,2026-senate-MN,2026-09-14,50,4.07,47.7,43.63,2,1.54,0,,False,45,14
2026-09-14T17:00:11,2026-senate-AK,2026-09-14,50,1.31,50.66,49.34,2,1.68,0,,False,45,14
2026-09-14T17:00:12,2026-gov-AZ,2026-09-14,50,6.75,44.98,38.23,6,5.56,1,-3.2,False,45,14
2026-09-14T17:00:12,2026-gov-PA,2026-09-14,50,22.21,53.86,31.64,4,3.99,0,,False,45,14
2026-09-14T17:00:12,2026-gov-MI,2026-09-14,50,6.85,48.84,41.99,6,5.25,0,,False,45,14
2026-09-14T17:00:12,2026-gov-OH,2026-09-14,50,-0.48,47.49,47.97,2,2.0,0,,False,45,14
2026-09-14T17:00:13,2026-gov-TX,2026-09-14,50,-3.25,44.77,48.01,7,5.0,1,1.17,False,45,14
2026-09-14T17:00:13,2026-gov-FL,2026-09-14,50,3.0,47.0,44.0,1,1.0,0,,False,45,14
2026-09-14T17:00:13,2026-gov-NY,2026-09-14,50,13.74,49.62,35.88,2,1.88,1,6.0,False,45,14
2026-09-14T17:00:13,2026-gov-NV,2026-09-14,50,2.2,44.2,42.0,1,1.0,0,,False,45,14
2026-09-14T17:00:13,2026-gov-CA,2026-09-14,50,18.0,55.0,37.0,1,1.0,0,,False,45,14
2026-09-14T17:00:14,2026-gov-NM,2026-09-14,50,17.0,41.0,24.0,1,1.0,0,,False,45,14
2026-09-14T17:00:14,2026-gov-GA,2026-09-14,50,0.4,46.26,45.86,2,1.76,0,,False,45,14
2026-09-14T17:00:14,2026-gov-WI,2026-09-14,50,2.84,45.95,43.11,6,5.43,3,0.0,False,45,14
2026-09-14T17:00:14,2026-gov-ME,2026-09-14,50,11.0,47.34,36.34,2,1.4,0,,False,45,14
2026-09-14T17:00:15,2026-gov-NH,2026-09-14,50,-10.42,38.58,49.0,2,1.95,0,,False,45,14
2026-09-14T17:00:15,2026-gov-MN,2026-09-14,50,16.0,52.0,36.0,1,1.0,0,,False,45,14
2026-09-14T17:00:16,2026-generic-ballot,2026-09-14,50,6.52,43.86,37.34,7,6.08,0,,False,45,14
2026-09-15T15:38:17,2026-senate-GA,2026-09-15,49,7.5,50.1,42.6,1,1.0,0,,False,45,14
2026-09-15T15:38:17,2026-senate-MI,2026-09-15,49,2.88,47.18,44.3,9,6.3,3,0.67,False,45,14
2026-09-15T15:38:18,2026-senate-NC,2026-09-15,49,8.68,50.28,41.6,7,5.21,1,-1.75,False,45,14
2026-09-15T15:38:18,2026-senate-ME,2026-09-15,49,3.69,48.09,44.4,3,1.66,1,1.0,False,45,14
2026-09-15T15:38:18,2026-senate-OH,2026-09-15,49,5.57,48.24,42.67,3,1.86,0,,False,45,14
2026-09-15T15:38:18,2026-senate-TX,2026-09-15,49,3.29,47.09,43.8,6,4.74,0,,False,45,14
2026-09-15T15:38:18,2026-senate-IA,2026-09-15,49,0.32,44.97,44.64,5,3.56,0,,False,45,14
2026-09-15T15:38:18,2026-senate-NH,2026-09-15,49,1.77,45.09,43.32,2,1.95,0,,False,45,14
2026-09-15T15:38:18,2026-senate-MN,2026-09-15,49,4.07,47.7,43.63,2,1.54,0,,False,45,14
2026-09-15T15:38:18,2026-senate-AK,2026-09-15,49,1.31,50.66,49.34,2,1.68,0,,False,45,14
2026-09-15T15:38:18,2026-gov-AZ,2026-09-15,49,6.75,44.98,38.23,6,5.56,1,-3.2,False,45,14
2026-09-15T15:38:18,2026-gov-PA,2026-09-15,49,22.21,53.86,31.64,4,3.99,0,,False,45,14
2026-09-15T15:38:18,2026-gov-MI,2026-09-15,49,6.7,48.97,42.27,5,4.7,0,,False,45,14
2026-09-15T15:38:18,2026-gov-OH,2026-09-15,49,-0.48,47.49,47.97,2,2.0,0,,False,45,14
2026-09-15T15:38:19,2026-gov-TX,2026-09-15,49,-3.12,44.74,47.86,5,4.2,0,,False,45,14
2026-09-15T15:38:19,2026-gov-FL,2026-09-15,49,3.0,47.0,44.0,1,1.0,0,,False,45,14
2026-09-15T15:38:19,2026-gov-NY,2026-09-15,49,13.74,49.62,35.88,2,1.88,1,6.0,False,45,14
2026-09-15T15:38:19,2026-gov-NV,2026-09-15,49,2.2,44.2,42.0,1,1.0,0,,False,45,14
2026-09-15T15:38:19,2026-gov-CA,2026-09-15,49,18.0,55.0,37.0,1,1.0,0,,False,45,14
2026-09-15T15:38:19,2026-gov-NM,2026-09-15,49,17.0,41.0,24.0,1,1.0,0,,False,45,14
2026-09-15T15:38:19,2026-gov-GA,2026-09-15,49,0.4,46.26,45.86,2,1.76,0,,False,45,14
2026-09-15T15:38:19,2026-gov-WI,2026-09-15,49,2.84,45.95,43.11,6,5.43,3,0.0,False,45,14
2026-09-15T15:38:19,2026-gov-ME,2026-09-15,49,11.0,47.34,36.34,2,1.4,0,,False,45,14
2026-09-15T15:38:19,2026-gov-NH,2026-09-15,49,-16.04,36.15,52.19,3,2.53,0,,False,45,14
2026-09-15T15:38:19,2026-gov-MN,2026-09-15,49,16.0,52.0,36.0,1,1.0,0,,False,45,14
2026-09-15T15:38:20,2026-generic-ballot,2026-09-15,49,6.52,43.86,37.34,7,6.08,0,,False,45,14
2026-09-16T15:28:53,2026-senate-GA,2026-09-16,48,7.5,50.1,42.6,1,1.0,0,,False,45,14
2026-09-16T15:28:53,2026-senate-MI,2026-09-16,48,2.88,47.18,44.3,9,6.3,3,0.67,False,45,14
2026-09-16T15:28:53,2026-senate-NC,2026-09-16,48,8.65,50.3,41.64,6,4.62,1,-1.7,False,45,14
2026-09-16T15:28:54,2026-senate-ME,2026-09-16,48,3.66,48.0,44.34,2,1.4,0,,False,45,14
2026-09-16T15:28:54,2026-senate-OH,2026-09-16,48,5.57,48.24,42.67,3,1.86,0,,False,45,14
2026-09-16T15:28:54,2026-senate-TX,2026-09-16,48,3.29,47.09,43.8,6,4.74,0,,False,45,14
2026-09-16T15:28:55,2026-senate-IA,2026-09-16,48,0.32,44.97,44.64,5,3.56,0,,False,45,14
2026-09-16T15:28:55,2026-senate-NH,2026-09-16,48,1.77,45.09,43.32,2,1.95,0,,False,45,14
2026-09-16T15:28:55,2026-senate-MN,2026-09-16,48,4.07,47.7,43.63,2,1.54,0,,False,45,14
2026-09-16T15:28:56,2026-senate-AK,2026-09-16,48,1.31,50.66,49.34,2,1.68,0,,False,45,14
2026-09-16T15:28:56,2026-gov-AZ,2026-09-16,48,6.75,44.98,38.23,6,5.56,1,-3.2,False,45,14
2026-09-16T15:28:56,2026-gov-PA,2026-09-16,48,22.21,53.86,31.64,4,3.99,0,,False,45,14
2026-09-16T15:28:57,2026-gov-MI,2026-09-16,48,6.7,48.97,42.27,5,4.7,0,,False,45,14
2026-09-16T15:28:57,2026-gov-OH,2026-09-16,48,-0.48,47.49,47.97,2,2.0,0,,False,45,14
2026-09-16T15:28:57,2026-gov-TX,2026-09-16,48,-3.12,44.74,47.86,5,4.2,0,,False,45,14
2026-09-16T15:28:57,2026-gov-FL,2026-09-16,48,3.0,47.0,44.0,1,1.0,0,,False,45,14
2026-09-16T15:28:58,2026-gov-NY,2026-09-16,48,13.74,49.62,35.88,2,1.88,1,6.0,False,45,14
2026-09-16T15:28:58,2026-gov-NV,2026-09-16,48,2.2,44.2,42.0,1,1.0,0,,False,45,14
2026-09-16T15:28:58,2026-gov-CA,2026-09-16,48,18.0,55.0,37.0,1,1.0,0,,False,45,14
2026-09-16T15:28:58,2026-gov-NM,2026-09-16,48,17.0,41.0,24.0,1,1.0,0,,False,45,14
2026-09-16T15:28:59,2026-gov-GA,2026-09-16,48,-0.1,46.2,46.3,1,1.0,0,,False,45,14
2026-09-16T15:28:59,2026-gov-WI,2026-09-16,48,2.84,45.95,43.11,6,5.43,3,0.0,False,45,14
2026-09-16T15:29:00,2026-gov-ME,2026-09-16,48,11.0,47.34,36.34,2,1.4,0,,False,45,14
2026-09-16T15:29:00,2026-gov-NH,2026-09-16,48,-16.04,36.15,52.19,3,2.53,0,,False,45,14
2026-09-16T15:29:00,2026-gov-MN,2026-09-16,48,16.0,52.0,36.0,1,1.0,0,,False,45,14
2026-09-16T15:29:01,2026-generic-ballot,2026-09-16,48,6.52,43.86,37.34,7,6.08,0,,False,45,14
2026-09-17T15:35:57,2026-senate-GA,2026-09-17,47,7.5,50.1,42.6,1,1.0,0,,False,45,14
2026-09-17T15:35:57,2026-senate-MI,2026-09-17,47,2.82,47.57,44.75,11,7.06,3,0.69,False,45,14
2026-09-17T15:35:57,2026-senate-NC,2026-09-17,47,8.65,50.3,41.64,6,4.62,1,-1.7,False,45,14
2026-09-17T15:35:57,2026-senate-ME,2026-09-17,47,1.72,47.29,45.57,3,2.39,0,,False,45,14
2026-09-17T15:35:57,2026-senate-OH,2026-09-17,47,5.57,48.24,42.67,3,1.86,0,,False,45,14
2026-09-17T15:35:58,2026-senate-TX,2026-09-17,47,3.19,47.36,44.18,8,6.41,0,,False,45,14
2026-09-17T15:35:58,2026-senate-IA,2026-09-17,47,-0.88,44.14,45.02,6,4.47,1,-2.48,False,45,14
2026-09-17T15:35:58,2026-senate-NH,2026-09-17,47,1.77,45.09,43.32,2,1.95,0,,False,45,14
2026-09-17T15:35:58,2026-senate-MN,2026-09-17,47,2.14,45.0,42.86,3,2.47,0,,False,45,14
2026-09-17T15:35:58,2026-senate-AK,2026-09-17,47,1.31,50.66,49.34,2,1.68,0,,False,45,14
2026-09-17T15:35:58,2026-gov-AZ,2026-09-17,47,6.75,44.98,38.23,6,5.56,1,-3.2,False,45,14
2026-09-17T15:35:58,2026-gov-PA,2026-09-17,47,22.21,53.86,31.64,4,3.99,0,,False,45,14
2026-09-17T15:35:58,2026-gov-MI,2026-09-17,47,8.23,50.01,41.78,7,4.58,0,,False,45,14
2026-09-17T15:35:59,2026-gov-OH,2026-09-17,47,-0.48,47.49,47.97,2,2.0,0,,False,45,14
2026-09-17T15:35:59,2026-gov-TX,2026-09-17,47,-1.72,45.91,47.64,7,5.49,0,,False,45,14
2026-09-17T15:35:59,2026-gov-FL,2026-09-17,47,3.0,47.0,44.0,1,1.0,0,,False,45,14
2026-09-17T15:35:59,2026-gov-NY,2026-09-17,47,13.74,49.62,35.88,2,1.88,1,6.0,False,45,14
2026-09-17T15:35:59,2026-gov-NV,2026-09-17,47,2.2,44.2,42.0,1,1.0,0,,False,45,14
2026-09-17T15:35:59,2026-gov-CA,2026-09-17,47,18.0,55.0,37.0,1,1.0,0,,False,45,14
2026-09-17T15:35:59,2026-gov-NM,2026-09-17,47,17.0,41.0,24.0,1,1.0,0,,False,45,14
2026-09-17T15:35:59,2026-gov-GA,2026-09-17,47,-0.1,46.2,46.3,1,1.0,0,,False,45,14
2026-09-17T15:35:59,2026-gov-WI,2026-09-17,47,2.84,45.95,43.11,6,5.43,3,0.0,False,45,14
2026-09-17T15:35:59,2026-gov-ME,2026-09-17,47,11.0,47.34,36.34,2,1.4,0,,False,45,14
2026-09-17T15:35:59,2026-gov-NH,2026-09-17,47,-16.04,36.15,52.19,3,2.53,0,,False,45,14
2026-09-17T15:35:59,2026-gov-MN,2026-09-17,47,8.81,48.0,39.2,2,1.47,0,,False,45,14
2026-09-17T15:36:00,2026-generic-ballot,2026-09-17,47,6.52,43.86,37.34,7,6.08,0,,False,45,14
2026-09-18T15:12:25,2026-senate-GA,2026-09-18,46,7.54,50.04,42.5,3,2.42,2,0.0,False,45,14
2026-09-18T15:12:26,2026-senate-MI,2026-09-18,46,2.36,47.21,44.85,14,9.19,4,0.77,False,45,14
2026-09-18T15:12:26,2026-senate-NC,2026-09-18,46,8.32,48.99,40.67,8,5.19,4,-0.88,False,45,14
2026-09-18T15:12:27,2026-senate-ME,2026-09-18,46,2.28,47.44,45.16,6,4.9,1,-2.46,False,45,14
2026-09-18T15:12:27,2026-senate-OH,2026-09-18,46,4.12,47.35,43.23,7,4.35,2,-1.78,False,45,14
2026-09-18T15:12:28,2026-senate-TX,2026-09-18,46,3.17,47.72,44.55,11,9.24,1,-3.35,False,45,14
2026-09-18T15:12:28,2026-senate-IA,2026-09-18,46,0.73,45.33,44.59,9,6.61,3,1.93,False,45,14
2026-09-18T15:12:29,2026-senate-NH,2026-09-18,46,4.97,45.35,40.37,6,4.79,4,2.0,False,45,14
2026-09-18T15:12:29,2026-senate-MN,2026-09-18,46,1.97,43.79,41.82,6,4.84,3,-0.27,False,45,14
2026-09-18T15:12:29,2026-senate-AK,2026-09-18,46,1.04,46.09,45.05,6,4.17,3,-2.27,False,45,14
2026-09-18T15:12:30,2026-senate-KS,2026-09-18,46,-0.93,44.52,45.44,4,2.71,3,-3.67,False,45,14
2026-09-18T15:12:30,2026-senate-SC,2026-09-18,46,-2.25,42.43,44.68,4,2.96,2,8.95,False,45,14
2026-09-18T15:12:30,2026-gov-AZ,2026-09-18,46,6.48,45.38,38.91,7,6.42,2,-3.7,False,45,14
2026-09-18T15:12:31,2026-gov-PA,2026-09-18,46,24.0,53.81,29.81,3,2.99,0,,False,45,14
2026-09-18T15:12:31,2026-gov-MI,2026-09-18,46,8.07,49.64,41.58,9,6.35,1,7.16,False,45,14
2026-09-18T15:12:31,2026-gov-OH,2026-09-18,46,1.94,47.7,45.76,4,2.2,1,1.33,False,45,14
2026-09-18T15:12:32,2026-gov-TX,2026-09-18,46,-3.21,45.37,48.58,11,8.79,3,-0.54,False,45,14
2026-09-18T15:12:32,2026-gov-FL,2026-09-18,46,0.73,44.8,44.08,3,2.26,1,0.0,False,45,14
2026-09-18T15:12:33,2026-gov-NY,2026-09-18,46,8.26,49.84,41.58,3,2.39,2,0.0,False,45,14
2026-09-18T15:12:33,2026-gov-NV,2026-09-18,46,2.2,44.2,42.0,1,1.0,0,,False,45,14
2026-09-18T15:12:34,2026-gov-CA,2026-09-18,46,21.23,59.03,37.81,2,1.45,0,,False,45,14
2026-09-18T15:12:35,2026-gov-NM,2026-09-18,46,9.36,46.55,37.19,2,1.74,0,,False,45,14
2026-09-18T15:12:35,2026-gov-GA,2026-09-18,46,-2.47,45.22,47.69,2,1.42,1,-2.9,False,45,14
2026-09-18T15:12:36,2026-gov-WI,2026-09-18,46,4.37,47.96,43.59,3,2.82,1,-0.5,False,45,14
2026-09-18T15:12:36,2026-gov-ME,2026-09-18,46,11.76,49.11,37.35,3,2.38,0,,False,45,14
2026-09-18T15:12:36,2026-gov-NH,2026-09-18,46,-16.04,36.15,52.19,3,2.53,0,,False,45,14
2026-09-18T15:12:37,2026-gov-MN,2026-09-18,46,6.64,47.38,40.74,4,3.38,1,-9.0,False,45,14
2026-09-18T15:12:37,2026-generic-ballot,2026-09-18,46,6.52,43.86,37.34,7,6.08,0,,False,45,14
2026-09-19T14:37:38,2026-senate-GA,2026-09-19,45,6.52,49.45,42.93,4,3.42,3,-1.17,False,45,14
2026-09-19T14:37:39,2026-senate-MI,2026-09-19,45,2.36,47.21,44.85,14,9.19,3,1.18,False,45,14
2026-09-19T14:37:39,2026-senate-NC,2026-09-19,45,8.59,49.11,40.52,8,5.19,2,-3.07,False,45,14
2026-09-19T14:37:40,2026-senate-ME,2026-09-19,45,2.28,47.44,45.16,6,4.9,1,-2.46,False,45,14
2026-09-19T14:37:41,2026-senate-OH,2026-09-19,45,4.12,47.36,43.23,6,4.12,1,-2.28,False,45,14
2026-09-19T14:37:41,2026-senate-TX,2026-09-19,45,2.82,47.44,44.62,12,9.78,3,-1.17,False,45,14
2026-09-19T14:37:42,2026-senate-IA,2026-09-19,45,0.83,45.34,44.51,8,6.32,3,1.39,False,45,14
2026-09-19T14:37:42,2026-senate-NH,2026-09-19,45,4.97,45.35,40.37,6,4.79,3,-1.0,False,45,14
2026-09-19T14:37:43,2026-senate-MN,2026-09-19,45,1.97,43.79,41.82,6,4.84,3,-0.27,False,45,14
2026-09-19T14:37:43,2026-senate-AK,2026-09-19,45,0.65,46.13,45.47,5,3.95,1,-1.45,False,45,14
2026-09-19T14:37:44,2026-senate-KS,2026-09-19,45,-0.93,44.52,45.44,4,2.71,3,-3.67,False,45,14
2026-09-19T14:37:44,2026-senate-SC,2026-09-19,45,-2.25,42.43,44.68,4,2.96,2,8.95,False,45,14
2026-09-19T14:37:45,2026-gov-AZ,2026-09-19,45,6.48,45.38,38.91,7,6.42,2,-3.7,False,45,14
2026-09-19T14:37:45,2026-gov-PA,2026-09-19,45,24.0,53.81,29.81,3,2.99,0,,False,45,14
2026-09-19T14:37:46,2026-gov-MI,2026-09-19,45,8.07,49.64,41.58,9,6.35,1,7.16,False,45,14
2026-09-19T14:37:46,2026-gov-OH,2026-09-19,45,1.94,47.84,45.91,3,1.89,0,,False,45,14
2026-09-19T14:37:47,2026-gov-TX,2026-09-19,45,-3.21,45.37,48.58,11,8.79,3,-0.54,False,45,14
2026-09-19T14:37:47,2026-gov-FL,2026-09-19,45,1.2,45.01,43.81,3,2.26,1,-0.45,False,45,14
2026-09-19T14:37:48,2026-gov-NY,2026-09-19,45,8.26,49.84,41.58,3,2.39,2,0.0,False,45,14
2026-09-19T14:37:48,2026-gov-NV,2026-09-19,45,2.2,44.2,42.0,1,1.0,0,,False,45,14
2026-09-19T14:37:49,2026-gov-CA,2026-09-19,45,21.23,59.03,37.81,2,1.45,0,,False,45,14
2026-09-19T14:37:50,2026-gov-NM,2026-09-19,45,9.36,46.55,37.19,2,1.74,0,,False,45,14
2026-09-19T14:37:50,2026-gov-GA,2026-09-19,45,-2.47,45.22,47.69,2,1.42,1,-2.9,False,45,14
2026-09-19T14:37:51,2026-gov-WI,2026-09-19,45,4.37,47.96,43.59,3,2.82,1,-0.5,False,45,14
2026-09-19T14:37:51,2026-gov-ME,2026-09-19,45,11.76,49.11,37.35,3,2.38,0,,False,45,14
2026-09-19T14:37:52,2026-gov-NH,2026-09-19,45,-16.04,36.15,52.19,3,2.53,0,,False,45,14
2026-09-19T14:37:52,2026-gov-MN,2026-09-19,45,6.64,47.38,40.74,4,3.38,1,-9.0,False,45,14
2026-09-19T14:37:53,2026-generic-ballot,2026-09-19,45,6.52,43.86,37.34,7,6.08,0,,False,45,14
2026-09-20T14:46:38,2026-senate-GA,2026-09-20,44,6.52,49.45,42.93,4,3.42,3,-1.17,False,45,14
2026-09-20T14:46:39,2026-senate-MI,2026-09-20,44,2.36,47.21,44.85,14,9.19,3,1.18,False,45,14
2026-09-20T14:46:39,2026-senate-NC,2026-09-20,44,8.59,49.11,40.52,8,5.19,2,-3.07,False,45,14
2026-09-20T14:46:40,2026-senate-ME,2026-09-20,44,2.28,47.44,45.16,6,4.9,1,-2.46,False,45,14
2026-09-20T14:46:40,2026-senate-OH,2026-09-20,44,4.12,47.36,43.23,6,4.12,1,-2.28,False,45,14
2026-09-20T14:46:40,2026-senate-TX,2026-09-20,44,2.82,47.44,44.62,12,9.78,3,-1.17,False,45,14
2026-09-20T14:46:41,2026-senate-IA,2026-09-20,44,0.2,44.6,44.4,9,6.91,4,0.47,False,45,14
2026-09-20T14:46:41,2026-senate-NH,2026-09-20,44,4.97,45.35,40.37,6,4.79,3,-1.0,False,45,14
2026-09-20T14:46:42,2026-senate-MN,2026-09-20,44,1.97,43.79,41.82,6,4.84,3,-0.27,False,45,14
2026-09-20T14:46:42,2026-senate-AK,2026-09-20,44,0.61,45.9,45.29,4,3.62,1,-1.4,False,45,14
2026-09-20T14:46:42,2026-senate-KS,2026-09-20,44,-0.93,44.52,45.44,4,2.71,3,-3.67,False,45,14
2026-09-20T14:46:43,2026-senate-SC,2026-09-20,44,-2.25,42.43,44.68,4,2.96,2,8.95,False,45,14
2026-09-20T14:46:43,2026-gov-AZ,2026-09-20,44,6.48,45.38,38.91,7,6.42,2,-3.7,False,45,14
2026-09-20T14:46:44,2026-gov-PA,2026-09-20,44,24.0,53.81,29.81,3,2.99,0,,False,45,14
2026-09-20T14:46:44,2026-gov-MI,2026-09-20,44,8.07,49.64,41.58,9,6.35,1,7.16,False,45,14
2026-09-20T14:46:44,2026-gov-OH,2026-09-20,44,1.94,47.84,45.91,3,1.89,0,,False,45,14
2026-09-20T14:46:45,2026-gov-TX,2026-09-20,44,-3.21,45.37,48.58,11,8.79,3,-0.54,False,45,14
2026-09-20T14:46:45,2026-gov-FL,2026-09-20,44,1.2,45.01,43.81,3,2.26,1,-0.45,False,45,14
2026-09-20T14:46:46,2026-gov-NY,2026-09-20,44,8.26,49.84,41.58,3,2.39,2,0.0,False,45,14
2026-09-20T14:46:46,2026-gov-NV,2026-09-20,44,2.2,44.2,42.0,1,1.0,0,,False,45,14
2026-09-20T14:46:47,2026-gov-CA,2026-09-20,44,21.23,59.03,37.81,2,1.45,0,,False,45,14
2026-09-20T14:46:47,2026-gov-NM,2026-09-20,44,9.36,46.55,37.19,2,1.74,0,,False,45,14
2026-09-20T14:46:48,2026-gov-GA,2026-09-20,44,-2.47,45.22,47.69,2,1.42,1,-2.9,False,45,14
2026-09-20T14:46:48,2026-gov-WI,2026-09-20,44,4.37,47.96,43.59,3,2.82,1,-0.5,False,45,14
2026-09-20T14:46:48,2026-gov-ME,2026-09-20,44,11.76,49.11,37.35,3,2.38,0,,False,45,14
2026-09-20T14:46:49,2026-gov-NH,2026-09-20,44,-16.04,36.15,52.19,3,2.53,0,,False,45,14
2026-09-20T14:46:49,2026-gov-MN,2026-09-20,44,6.64,47.38,40.74,4,3.38,1,-9.0,False,45,14
2026-09-20T14:46:49,2026-generic-ballot,2026-09-20,44,6.52,43.86,37.34,7,6.08,0,,False,45,14
2026-09-21T17:08:36,2026-senate-GA,2026-09-21,43,6.52,49.45,42.93,4,3.42,3,-1.17,False,45,14
2026-09-21T17:08:37,2026-senate-MI,2026-09-21,43,2.36,47.21,44.85,14,9.19,3,1.18,False,45,14
2026-09-21T17:08:38,2026-senate-NC,2026-09-21,43,8.64,49.08,40.43,7,4.88,1,-3.57,False,45,14
2026-09-21T17:08:39,2026-senate-ME,2026-09-21,43,2.28,47.44,45.16,6,4.9,1,-2.46,False,45,14
2026-09-21T17:08:39,2026-senate-OH,2026-09-21,43,4.12,47.36,43.23,6,4.12,1,-2.28,False,45,14
2026-09-21T17:08:41,2026-senate-TX,2026-09-21,43,2.82,47.44,44.62,12,9.78,2,-2.85,False,45,14
2026-09-21T17:08:42,2026-senate-IA,2026-09-21,43,0.18,44.45,44.26,10,7.84,5,0.32,False,45,14
2026-09-21T17:08:42,2026-senate-NH,2026-09-21,43,4.97,45.35,40.37,6,4.79,3,-1.0,False,45,14
2026-09-21T17:08:43,2026-senate-MN,2026-09-21,43,1.97,43.79,41.82,6,4.84,3,-0.27,False,45,14
2026-09-21T17:08:44,2026-senate-AK,2026-09-21,43,0.61,45.9,45.29,4,3.62,1,-1.4,False,45,14
2026-09-21T17:08:45,2026-senate-KS,2026-09-21,43,-0.93,44.52,45.44,4,2.71,3,-3.67,False,45,14
2026-09-21T17:08:46,2026-senate-SC,2026-09-21,43,-2.25,42.43,44.68,4,2.96,2,8.95,False,45,14
2026-09-21T17:08:47,2026-gov-AZ,2026-09-21,43,6.48,45.38,38.91,7,6.42,2,-3.7,False,45,14
2026-09-21T17:08:47,2026-gov-PA,2026-09-21,43,24.0,53.81,29.81,3,2.99,0,,False,45,14
2026-09-21T17:08:48,2026-gov-MI,2026-09-21,43,8.07,49.64,41.58,9,6.35,1,7.16,False,45,14
2026-09-21T17:08:49,2026-gov-OH,2026-09-21,43,1.94,47.84,45.91,3,1.89,0,,False,45,14
2026-09-21T17:08:50,2026-gov-TX,2026-09-21,43,-3.21,45.37,48.58,11,8.79,3,-0.54,False,45,14
2026-09-21T17:08:51,2026-gov-FL,2026-09-21,43,1.2,45.01,43.81,3,2.26,1,-0.45,False,45,14
2026-09-21T17:08:51,2026-gov-NY,2026-09-21,43,7.92,50.0,42.08,2,1.78,2,,False,45,14
2026-09-21T17:08:52,2026-gov-NV,2026-09-21,43,2.2,44.2,42.0,1,1.0,0,,False,45,14
2026-09-21T17:08:53,2026-gov-CA,2026-09-21,43,21.23,59.03,37.81,2,1.45,0,,False,45,14
2026-09-21T17:08:54,2026-gov-NM,2026-09-21,43,9.36,46.55,37.19,2,1.74,0,,False,45,14
2026-09-21T17:08:55,2026-gov-GA,2026-09-21,43,-2.47,45.22,47.69,2,1.42,1,-2.9,False,45,14
2026-09-21T17:08:56,2026-gov-WI,2026-09-21,43,4.37,47.96,43.59,3,2.82,1,-0.5,False,45,14
2026-09-21T17:08:57,2026-gov-ME,2026-09-21,43,11.76,49.11,37.35,3,2.38,0,,False,45,14
2026-09-21T17:08:58,2026-gov-NH,2026-09-21,43,-16.04,36.15,52.19,3,2.53,0,,False,45,14
2026-09-21T17:08:59,2026-gov-MN,2026-09-21,43,6.64,47.38,40.74,4,3.38,1,-9.0,False,45,14
2026-09-21T17:09:00,2026-generic-ballot,2026-09-21,43,6.52,43.86,37.34,7,6.08,0,,False,45,14
2026-09-22T15:35:05,2026-senate-GA,2026-09-22,42,6.52,49.45,42.93,4,3.42,3,-1.17,False,45,14
2026-09-22T15:35:06,2026-senate-MI,2026-09-22,42,2.93,47.18,44.26,15,10.12,3,0.79,False,45,14
2026-09-22T15:35:07,2026-senate-NC,2026-09-22,42,8.64,49.08,40.43,7,4.88,1,-3.57,False,45,14
2026-09-22T15:35:08,2026-senate-ME,2026-09-22,42,2.28,47.44,45.16,6,4.9,1,-2.46,False,45,14
2026-09-22T15:35:09,2026-senate-OH,2026-09-22,42,4.12,47.36,43.23,6,4.12,1,-2.28,False,45,14
2026-09-22T15:35:10,2026-senate-TX,2026-09-22,42,2.5,47.37,44.86,13,9.99,2,-2.64,False,45,14
2026-09-22T15:35:11,2026-senate-IA,2026-09-22,42,1.57,45.43,43.86,11,8.48,5,-0.97,False,45,14
2026-09-22T15:35:11,2026-senate-NH,2026-09-22,42,4.97,45.35,40.37,6,4.79,3,-1.0,False,45,14
2026-09-22T15:35:12,2026-senate-MN,2026-09-22,42,1.97,43.79,41.82,6,4.84,3,-0.27,False,45,14
2026-09-22T15:35:13,2026-senate-AK,2026-09-22,42,0.61,45.9,45.29,4,3.62,1,-1.4,False,45,14
2026-09-22T15:35:14,2026-senate-KS,2026-09-22,42,-0.93,44.52,45.44,4,2.71,3,-3.67,False,45,14
2026-09-22T15:35:15,2026-senate-SC,2026-09-22,42,-2.25,42.43,44.68,4,2.96,2,8.95,False,45,14
2026-09-22T15:35:16,2026-gov-AZ,2026-09-22,42,6.48,45.38,38.91,7,6.42,2,-3.7,False,45,14
2026-09-22T15:35:17,2026-gov-PA,2026-09-22,42,24.0,53.81,29.81,3,2.99,0,,False,45,14
2026-09-22T15:35:17,2026-gov-MI,2026-09-22,42,9.74,49.9,40.16,10,7.19,1,6.03,False,45,14
2026-09-22T15:35:18,2026-gov-OH,2026-09-22,42,1.94,47.84,45.91,3,1.89,0,,False,45,14
2026-09-22T15:35:19,2026-gov-TX,2026-09-22,42,-3.38,45.29,48.67,12,8.49,3,-0.44,False,45,14
2026-09-22T15:35:20,2026-gov-FL,2026-09-22,42,1.2,45.01,43.81,3,2.26,1,-0.45,False,45,14
2026-09-22T15:35:21,2026-gov-NY,2026-09-22,42,7.92,50.0,42.08,2,1.78,2,,False,45,14
2026-09-22T15:35:22,2026-gov-NV,2026-09-22,42,2.2,44.2,42.0,1,1.0,0,,False,45,14
2026-09-22T15:35:23,2026-gov-CA,2026-09-22,42,21.63,56.93,35.3,3,2.33,0,,False,45,14
2026-09-22T15:35:24,2026-gov-NM,2026-09-22,42,6.0,49.0,43.0,1,1.0,0,,False,45,14
2026-09-22T15:35:25,2026-gov-GA,2026-09-22,42,-2.47,45.22,47.69,2,1.42,1,-2.9,False,45,14
2026-09-22T15:35:26,2026-gov-WI,2026-09-22,42,4.37,47.96,43.59,3,2.82,1,-0.5,False,45,14
2026-09-22T15:35:28,2026-gov-ME,2026-09-22,42,11.76,49.11,37.35,3,2.38,0,,False,45,14
2026-09-22T15:35:28,2026-gov-NH,2026-09-22,42,-16.04,36.15,52.19,3,2.53,0,,False,45,14
2026-09-22T15:35:29,2026-gov-MN,2026-09-22,42,6.64,47.38,40.74,4,3.38,1,-9.0,False,45,14
2026-09-22T15:35:30,2026-generic-ballot,2026-09-22,42,6.52,43.86,37.34,7,6.08,0,,False,45,14
2026-09-23T15:30:47,2026-senate-GA,2026-09-23,41,6.52,49.45,42.93,4,3.42,3,-1.17,False,45,14
2026-09-23T15:30:47,2026-senate-MI,2026-09-23,41,2.93,47.18,44.26,15,10.12,3,0.79,False,45,14
2026-09-23T15:30:48,2026-senate-NC,2026-09-23,41,8.64,49.08,40.43,7,4.88,1,-3.57,False,45,14
2026-09-23T15:30:49,2026-senate-ME,2026-09-23,41,2.28,47.44,45.16,6,4.9,1,-2.46,False,45,14
2026-09-23T15:30:49,2026-senate-OH,2026-09-23,41,4.12,47.36,43.23,6,4.12,1,-2.28,False,45,14
2026-09-23T15:30:50,2026-senate-TX,2026-09-23,41,2.98,47.73,44.74,14,10.71,2,-2.88,False,45,14
2026-09-23T15:30:50,2026-senate-IA,2026-09-23,41,1.57,45.43,43.86,11,8.48,5,-0.97,False,45,14
2026-09-23T15:30:51,2026-senate-NH,2026-09-23,41,4.97,45.35,40.37,6,4.79,3,-1.0,False,45,14
2026-09-23T15:30:51,2026-senate-MN,2026-09-23,41,1.97,43.79,41.82,6,4.84,3,-0.27,False,45,14
2026-09-23T15:30:52,2026-senate-AK,2026-09-23,41,1.43,46.4,44.98,5,4.6,1,-2.05,False,45,14
2026-09-23T15:30:52,2026-senate-KS,2026-09-23,41,-0.92,44.49,45.41,3,2.42,2,-4.0,False,45,14
2026-09-23T15:30:53,2026-senate-SC,2026-09-23,41,-2.25,42.43,44.68,4,2.96,2,8.95,False,45,14
2026-09-23T15:30:53,2026-gov-AZ,2026-09-23,41,6.48,45.38,38.91,7,6.42,2,-3.7,False,45,14
2026-09-23T15:30:54,2026-gov-PA,2026-09-23,41,24.0,53.81,29.81,3,2.99,0,,False,45,14
2026-09-23T15:30:54,2026-gov-MI,2026-09-23,41,9.74,49.9,40.16,10,7.19,1,6.03,False,45,14
2026-09-23T15:30:55,2026-gov-OH,2026-09-23,41,1.94,47.84,45.91,3,1.89,0,,False,45,14
2026-09-23T15:30:55,2026-gov-TX,2026-09-23,41,-2.31,45.91,48.22,13,9.11,3,-1.07,False,45,14
2026-09-23T15:30:56,2026-gov-FL,2026-09-23,41,1.2,45.01,43.81,3,2.26,1,-0.45,False,45,14
2026-09-23T15:30:57,2026-gov-NY,2026-09-23,41,8.62,50.0,41.38,3,2.03,2,1.0,False,45,14
2026-09-23T15:30:57,2026-gov-NV,2026-09-23,41,2.2,44.2,42.0,1,1.0,0,,False,45,14
2026-09-23T15:30:58,2026-gov-CA,2026-09-23,41,20.37,56.2,35.83,4,2.76,1,-12.67,False,45,14
2026-09-23T15:30:58,2026-gov-NM,2026-09-23,41,6.0,49.0,43.0,1,1.0,0,,False,45,14
2026-09-23T15:30:59,2026-gov-GA,2026-09-23,41,-2.47,45.22,47.69,2,1.42,1,-2.9,False,45,14
2026-09-23T15:31:00,2026-gov-WI,2026-09-23,41,4.37,47.96,43.59,3,2.82,1,-0.5,False,45,14
2026-09-23T15:31:00,2026-gov-ME,2026-09-23,41,11.76,49.11,37.35,3,2.38,0,,False,45,14
2026-09-23T15:31:00,2026-gov-NH,2026-09-23,41,-16.04,36.15,52.19,3,2.53,0,,False,45,14
2026-09-23T15:31:01,2026-gov-MN,2026-09-23,41,6.64,47.38,40.74,4,3.38,1,-9.0,False,45,14
2026-09-23T15:31:02,2026-generic-ballot,2026-09-23,41,6.52,43.86,37.34,7,6.08,0,,False,45,14
2026-09-24T15:52:05,2026-senate-GA,2026-09-24,40,7.66,49.96,42.3,5,4.17,3,-2.42,False,45,14
2026-09-24T15:52:06,2026-senate-MI,2026-09-24,40,2.75,47.78,45.02,17,11.47,3,0.82,False,45,14
2026-09-24T15:52:06,2026-senate-NC,2026-09-24,40,8.44,49.58,41.14,10,7.47,2,-4.05,False,45,14
2026-09-24T15:52:07,2026-senate-ME,2026-09-24,40,1.56,47.22,45.65,8,6.66,1,-1.76,False,45,14
2026-09-24T15:52:07,2026-senate-OH,2026-09-24,40,4.12,47.36,43.23,6,4.12,1,-2.28,False,45,14
2026-09-24T15:52:08,2026-senate-TX,2026-09-24,40,2.98,47.73,44.74,14,10.71,2,-2.88,False,45,14
2026-09-24T15:52:09,2026-senate-IA,2026-09-24,40,1.57,45.43,43.86,11,8.48,5,-0.97,False,45,14
2026-09-24T15:52:10,2026-senate-NH,2026-09-24,40,4.98,46.39,41.41,7,5.69,3,-1.17,False,45,14
2026-09-24T15:52:10,2026-senate-MN,2026-09-24,40,1.97,43.79,41.82,6,4.84,3,-0.27,False,45,14
2026-09-24T15:52:11,2026-senate-AK,2026-09-24,40,1.43,46.4,44.98,5,4.6,1,-2.05,False,45,14
2026-09-24T15:52:11,2026-senate-KS,2026-09-24,40,-0.92,44.49,45.41,3,2.42,2,-4.0,False,45,14
2026-09-24T15:52:12,2026-senate-SC,2026-09-24,40,-2.25,42.43,44.68,4,2.96,2,8.95,False,45,14
2026-09-24T15:52:12,2026-gov-AZ,2026-09-24,40,6.48,45.38,38.91,7,6.42,2,-3.7,False,45,14
2026-09-24T15:52:13,2026-gov-PA,2026-09-24,40,21.6,56.33,34.73,4,2.41,0,,False,45,14
2026-09-24T15:52:13,2026-gov-MI,2026-09-24,40,8.26,49.26,41.0,11,7.51,1,6.53,False,45,14
2026-09-24T15:52:14,2026-gov-OH,2026-09-24,40,1.94,47.84,45.91,3,1.89,0,,False,45,14
2026-09-24T15:52:15,2026-gov-TX,2026-09-24,40,-2.34,45.87,48.21,12,8.79,2,-2.4,False,45,14
2026-09-24T15:52:15,2026-gov-FL,2026-09-24,40,1.2,45.01,43.81,3,2.26,1,-0.45,False,45,14
2026-09-24T15:52:16,2026-gov-NY,2026-09-24,40,12.95,53.34,40.39,4,2.93,2,-4.0,False,45,14
2026-09-24T15:52:16,2026-gov-NV,2026-09-24,40,2.2,44.2,42.0,1,1.0,0,,False,45,14
2026-09-24T15:52:17,2026-gov-CA,2026-09-24,40,23.35,57.52,34.17,3,2.8,0,,False,45,14
2026-09-24T15:52:17,2026-gov-NM,2026-09-24,40,6.0,49.0,43.0,1,1.0,0,,False,45,14
2026-09-24T15:52:18,2026-gov-GA,2026-09-24,40,-1.67,44.55,46.22,3,2.25,1,-2.45,False,45,14
2026-09-24T15:52:19,2026-gov-WI,2026-09-24,40,4.37,47.96,43.59,3,2.82,1,-0.5,False,45,14
2026-09-24T15:52:19,2026-gov-ME,2026-09-24,40,11.51,49.07,37.56,4,3.37,0,,False,45,14
2026-09-24T15:52:20,2026-gov-NH,2026-09-24,40,-16.04,36.15,52.19,3,2.53,0,,False,45,14
2026-09-24T15:52:20,2026-gov-MN,2026-09-24,40,6.64,47.38,40.74,4,3.38,1,-9.0,False,45,14
2026-09-24T15:52:21,2026-generic-ballot,2026-09-24,40,6.52,43.86,37.34,7,6.08,0,,False,45,14
2026-09-25T15:52:37,2026-senate-GA,2026-09-25,39,7.66,49.96,42.3,5,4.17,3,-2.42,False,45,14
2026-09-25T15:52:38,2026-senate-MI,2026-09-25,39,2.82,47.82,45.0,14,10.4,2,-1.54,False,45,14
2026-09-25T15:52:38,2026-senate-NC,2026-09-25,39,8.37,49.55,41.18,9,7.22,2,-3.63,False,45,14
2026-09-25T15:52:39,2026-senate-ME,2026-09-25,39,2.12,48.07,45.96,8,6.78,1,-2.04,False,45,14
2026-09-25T15:52:40,2026-senate-OH,2026-09-25,39,2.79,47.03,44.24,6,4.59,2,-3.1,False,45,14
2026-09-25T15:52:40,2026-senate-TX,2026-09-25,39,3.3,47.92,44.62,14,11.17,2,-3.38,False,45,14
2026-09-25T15:52:41,2026-senate-IA,2026-09-25,39,1.57,45.43,43.86,11,8.48,5,-0.97,False,45,14
2026-09-25T15:52:41,2026-senate-NH,2026-09-25,39,5.72,47.27,41.55,8,6.25,3,-1.87,False,45,14
2026-09-25T15:52:42,2026-senate-MN,2026-09-25,39,1.97,43.79,41.82,6,4.84,3,-0.27,False,45,14
2026-09-25T15:52:42,2026-senate-AK,2026-09-25,39,1.43,46.4,44.98,5,4.6,1,-2.05,False,45,14
2026-09-25T15:52:43,2026-senate-KS,2026-09-25,39,0.17,46.54,46.37,4,3.32,2,-4.0,False,45,14
2026-09-25T15:52:43,2026-senate-SC,2026-09-25,39,-2.25,42.43,44.68,4,2.96,2,8.95,False,45,14
2026-09-25T15:52:44,2026-gov-AZ,2026-09-25,39,6.48,45.38,38.91,7,6.42,2,-3.7,False,45,14
2026-09-25T15:52:44,2026-gov-PA,2026-09-25,39,21.6,56.33,34.73,4,2.41,0,,False,45,14
2026-09-25T15:52:45,2026-gov-MI,2026-09-25,39,8.15,49.22,41.08,9,6.73,0,,False,45,14
2026-09-25T15:52:45,2026-gov-OH,2026-09-25,39,2.63,47.82,45.18,2,1.43,0,,False,45,14
2026-09-25T15:52:46,2026-gov-TX,2026-09-25,39,-2.56,45.91,48.47,12,9.23,2,-2.4,False,45,14
2026-09-25T15:52:47,2026-gov-FL,2026-09-25,39,-3.83,42.72,46.55,4,3.18,1,4.03,False,45,14
2026-09-25T15:52:47,2026-gov-NY,2026-09-25,39,12.95,53.34,40.39,4,2.93,2,-4.0,False,45,14
2026-09-25T15:52:48,2026-gov-NV,2026-09-25,39,2.2,44.2,42.0,1,1.0,0,,False,45,14
2026-09-25T15:52:48,2026-gov-CA,2026-09-25,39,23.35,57.52,34.17,3,2.8,0,,False,45,14
2026-09-25T15:52:49,2026-gov-NM,2026-09-25,39,6.0,49.0,43.0,1,1.0,0,,False,45,14
2026-09-25T15:52:50,2026-gov-GA,2026-09-25,39,-1.13,46.3,47.43,4,3.25,2,-0.95,False,45,14
2026-09-25T15:52:50,2026-gov-WI,2026-09-25,39,4.37,47.96,43.59,3,2.82,1,-0.5,False,45,14
2026-09-25T15:52:51,2026-gov-ME,2026-09-25,39,10.75,48.26,37.5,5,4.48,0,,False,45,14
2026-09-25T15:52:51,2026-gov-NH,2026-09-25,39,-9.84,39.67,49.52,4,2.79,0,,False,45,14
2026-09-25T15:52:52,2026-gov-MN,2026-09-25,39,6.64,47.38,40.74,4,3.38,1,-9.0,False,45,14
2026-09-25T15:52:52,2026-generic-ballot,2026-09-25,39,6.52,43.86,37.34,7,6.08,0,,False,45,14
2026-09-26T15:03:50,2026-senate-GA,2026-09-26,38,8.27,50.89,42.62,7,5.97,3,-2.74,False,45,14
2026-09-26T15:03:51,2026-senate-MI,2026-09-26,38,2.48,47.35,44.87,14,11.06,3,-2.67,False,45,14
2026-09-26T15:03:52,2026-senate-NC,2026-09-26,38,8.6,49.75,41.15,10,8.19,2,-3.74,False,45,14
2026-09-26T15:03:53,2026-senate-ME,2026-09-26,38,2.12,48.07,45.96,8,6.78,1,-2.04,False,45,14
2026-09-26T15:03:54,2026-senate-OH,2026-09-26,38,2.95,46.93,43.98,7,5.31,2,-0.78,False,45,14
2026-09-26T15:03:55,2026-senate-TX,2026-09-26,38,3.17,47.92,44.74,14,11.17,2,-3.29,False,45,14
2026-09-26T15:03:56,2026-senate-IA,2026-09-26,38,1.57,45.43,43.86,11,8.48,5,-0.97,False,45,14
2026-09-26T15:03:56,2026-senate-NH,2026-09-26,38,5.72,47.27,41.55,8,6.25,3,-1.87,False,45,14
2026-09-26T15:03:57,2026-senate-MN,2026-09-26,38,1.97,43.79,41.82,6,4.84,3,-0.27,False,45,14
2026-09-26T15:03:58,2026-senate-AK,2026-09-26,38,1.43,46.4,44.98,5,4.6,1,-2.05,False,45,14
2026-09-26T15:03:59,2026-senate-KS,2026-09-26,38,0.17,46.54,46.37,4,3.32,2,-4.0,False,45,14
2026-09-26T15:03:59,2026-senate-SC,2026-09-26,38,-2.25,42.43,44.68,4,2.96,2,8.95,False,45,14
2026-09-26T15:04:00,2026-gov-AZ,2026-09-26,38,6.75,44.98,38.23,6,5.56,1,-3.2,False,45,14
2026-09-26T15:04:01,2026-gov-PA,2026-09-26,38,21.6,56.33,34.73,4,2.41,0,,False,45,14
2026-09-26T15:04:02,2026-gov-MI,2026-09-26,38,6.86,48.14,41.28,10,8.33,1,-6.74,False,45,14
2026-09-26T15:04:02,2026-gov-OH,2026-09-26,38,2.63,47.82,45.18,2,1.43,0,,False,45,14
2026-09-26T15:04:03,2026-gov-TX,2026-09-26,38,-2.56,45.91,48.47,12,9.23,2,-2.4,False,45,14
2026-09-26T15:04:04,2026-gov-FL,2026-09-26,38,-3.83,42.72,46.55,4,3.18,1,4.03,False,45,14
2026-09-26T15:04:05,2026-gov-NY,2026-09-26,38,12.95,53.34,40.39,4,2.93,2,-4.0,False,45,14
2026-09-26T15:04:06,2026-gov-NV,2026-09-26,38,2.2,44.2,42.0,1,1.0,0,,False,45,14
2026-09-26T15:04:07,2026-gov-CA,2026-09-26,38,20.36,54.89,34.54,5,4.8,0,,False,45,14
2026-09-26T15:04:07,2026-gov-NM,2026-09-26,38,6.0,49.0,43.0,1,1.0,0,,False,45,14
2026-09-26T15:04:09,2026-gov-GA,2026-09-26,38,-1.62,46.1,47.71,5,4.16,1,-1.98,False,45,14
2026-09-26T15:04:10,2026-gov-WI,2026-09-26,38,4.37,47.96,43.59,3,2.82,1,-0.5,False,45,14
2026-09-26T15:04:10,2026-gov-ME,2026-09-26,38,10.75,48.26,37.5,5,4.48,0,,False,45,14
2026-09-26T15:04:11,2026-gov-NH,2026-09-26,38,-10.15,40.02,50.17,5,3.79,0,,False,45,14
2026-09-26T15:04:12,2026-gov-MN,2026-09-26,38,6.64,47.38,40.74,4,3.38,1,-9.0,False,45,14
2026-09-26T15:04:13,2026-generic-ballot,2026-09-26,38,6.52,43.86,37.34,7,6.08,0,,False,45,14
2026-09-27T15:45:02,2026-senate-GA,2026-09-27,37,8.27,50.89,42.62,7,5.97,3,-2.74,False,45,14
2026-09-27T15:45:03,2026-senate-MI,2026-09-27,37,2.76,47.31,44.55,15,11.93,4,-1.62,False,45,14
2026-09-27T15:45:04,2026-senate-NC,2026-09-27,37,8.66,49.75,41.08,9,7.92,2,-4.34,False,45,14
2026-09-27T15:45:05,2026-senate-ME,2026-09-27,37,1.7,47.67,45.97,9,7.47,2,-2.54,False,45,14
2026-09-27T15:45:06,2026-senate-OH,2026-09-27,37,2.95,46.93,43.98,7,5.31,2,-0.78,False,45,14
2026-09-27T15:45:07,2026-senate-TX,2026-09-27,37,3.17,47.92,44.74,14,11.17,2,-3.29,False,45,14
2026-09-27T15:45:08,2026-senate-IA,2026-09-27,37,1.47,45.72,44.25,12,8.94,6,-0.9,False,45,14
2026-09-27T15:45:09,2026-senate-NH,2026-09-27,37,5.36,47.01,41.64,9,6.97,4,-1.7,False,45,14
2026-09-27T15:45:09,2026-senate-MN,2026-09-27,37,1.97,43.79,41.82,6,4.84,3,-0.27,False,45,14
2026-09-27T15:45:10,2026-senate-AK,2026-09-27,37,0.74,46.29,45.55,6,5.23,2,-2.55,False,45,14
2026-09-27T15:45:11,2026-senate-KS,2026-09-27,37,0.17,46.54,46.37,4,3.32,2,-4.0,False,45,14
2026-09-27T15:45:12,2026-senate-SC,2026-09-27,37,-1.61,42.21,43.82,5,2.9,3,8.12,False,45,14
2026-09-27T15:45:12,2026-gov-AZ,2026-09-27,37,6.75,44.98,38.23,6,5.56,1,-3.2,False,45,14
2026-09-27T15:45:13,2026-gov-PA,2026-09-27,37,21.6,56.33,34.73,4,2.41,0,,False,45,14
2026-09-27T15:45:14,2026-gov-MI,2026-09-27,37,6.86,48.14,41.28,10,8.33,1,-6.74,False,45,14
2026-09-27T15:45:15,2026-gov-OH,2026-09-27,37,2.63,47.82,45.18,2,1.43,0,,False,45,14
2026-09-27T15:45:16,2026-gov-TX,2026-09-27,37,-2.56,45.91,48.47,12,9.23,2,-2.4,False,45,14
2026-09-27T15:45:17,2026-gov-FL,2026-09-27,37,-3.83,42.72,46.55,4,3.18,1,4.03,False,45,14
2026-09-27T15:45:17,2026-gov-NY,2026-09-27,37,12.95,53.34,40.39,4,2.93,2,-4.0,False,45,14
2026-09-27T15:45:18,2026-gov-NV,2026-09-27,37,2.2,44.2,42.0,1,1.0,0,,False,45,14
2026-09-27T15:45:19,2026-gov-CA,2026-09-27,37,20.36,54.89,34.54,5,4.8,0,,False,45,14
2026-09-27T15:45:20,2026-gov-NM,2026-09-27,37,6.0,49.0,43.0,1,1.0,0,,False,45,14
2026-09-27T15:45:21,2026-gov-GA,2026-09-27,37,-1.62,46.1,47.71,5,4.16,1,-1.98,False,45,14
2026-09-27T15:45:22,2026-gov-WI,2026-09-27,37,4.37,47.96,43.59,3,2.82,1,-0.5,False,45,14
2026-09-27T15:45:23,2026-gov-ME,2026-09-27,37,10.75,48.26,37.5,5,4.48,0,,False,45,14
2026-09-27T15:45:24,2026-gov-NH,2026-09-27,37,-10.15,40.02,50.17,5,3.79,0,,False,45,14
2026-09-27T15:45:24,2026-gov-MN,2026-09-27,37,6.64,47.38,40.74,4,3.38,1,-9.0,False,45,14
2026-09-27T15:45:25,2026-generic-ballot,2026-09-27,37,6.52,43.86,37.34,7,6.08,0,,False,45,14
2026-09-28T18:40:05,2026-senate-GA,2026-09-28,36,8.27,50.89,42.62,7,5.97,3,-2.74,False,45,14
2026-09-28T18:40:06,2026-senate-MI,2026-09-28,36,2.76,47.31,44.55,15,11.93,4,-1.62,False,45,14
2026-09-28T18:40:07,2026-senate-NC,2026-09-28,36,9.04,50.26,41.23,10,8.73,3,-2.51,False,45,14
2026-09-28T18:40:08,2026-senate-ME,2026-09-28,36,1.7,47.67,45.97,9,7.47,2,-2.54,False,45,14
2026-09-28T18:40:09,2026-senate-OH,2026-09-28,36,2.92,46.89,43.97,6,5.03,2,-0.73,False,45,14
2026-09-28T18:40:10,2026-senate-TX,2026-09-28,36,2.72,47.92,45.2,15,12.54,3,-3.38,False,45,14
2026-09-28T18:40:11,2026-senate-IA,2026-09-28,36,1.47,45.72,44.25,12,8.94,6,-0.9,False,45,14
2026-09-28T18:40:12,2026-senate-NH,2026-09-28,36,5.78,47.21,41.43,9,6.83,4,-1.2,False,45,14
2026-09-28T18:40:13,2026-senate-MN,2026-09-28,36,1.97,43.79,41.82,6,4.84,3,-0.27,False,45,14
2026-09-28T18:40:13,2026-senate-AK,2026-09-28,36,0.74,46.29,45.55,6,5.23,2,-2.55,False,45,14
2026-09-28T18:40:14,2026-senate-KS,2026-09-28,36,0.17,46.54,46.37,4,3.32,2,-4.0,False,45,14
2026-09-28T18:40:15,2026-senate-SC,2026-09-28,36,-1.61,42.21,43.82,5,2.9,3,8.12,False,45,14
2026-09-28T18:40:15,2026-gov-AZ,2026-09-28,36,5.73,44.67,38.94,4,3.74,1,-2.67,False,45,14
2026-09-28T18:40:16,2026-gov-PA,2026-09-28,36,21.6,56.33,34.73,4,2.41,0,,False,45,14
2026-09-28T18:40:17,2026-gov-MI,2026-09-28,36,6.86,48.14,41.28,10,8.33,1,-6.74,False,45,14
2026-09-28T18:40:18,2026-gov-OH,2026-09-28,36,3.0,48.0,45.0,1,1.0,0,,False,45,14
2026-09-28T18:40:18,2026-gov-TX,2026-09-28,36,-3.11,45.67,48.78,13,10.61,3,-2.4,False,45,14
2026-09-28T18:40:19,2026-gov-FL,2026-09-28,36,-4.07,42.56,46.63,3,2.91,0,,False,45,14
2026-09-28T18:40:20,2026-gov-NY,2026-09-28,36,12.95,53.34,40.39,4,2.93,2,-4.0,False,45,14
2026-09-28T18:40:21,2026-gov-NV,2026-09-28,36,2.2,44.2,42.0,1,1.0,0,,False,45,14
2026-09-28T18:40:22,2026-gov-CA,2026-09-28,36,20.36,54.89,34.54,5,4.8,0,,False,45,14
2026-09-28T18:40:23,2026-gov-NM,2026-09-28,36,6.0,49.0,43.0,1,1.0,0,,False,45,14
2026-09-28T18:40:24,2026-gov-GA,2026-09-28,36,-1.62,46.1,47.71,5,4.16,1,-1.98,False,45,14
2026-09-28T18:40:24,2026-gov-WI,2026-09-28,36,4.47,47.95,43.47,2,1.99,1,-1.0,False,45,14
2026-09-28T18:40:25,2026-gov-ME,2026-09-28,36,10.75,48.26,37.5,5,4.48,0,,False,45,14
2026-09-28T18:40:26,2026-gov-NH,2026-09-28,36,-10.15,40.02,50.17,5,3.79,0,,False,45,14
2026-09-28T18:40:27,2026-gov-MN,2026-09-28,36,6.64,47.38,40.74,4,3.38,1,-9.0,False,45,14
2026-09-28T18:40:27,2026-generic-ballot,2026-09-28,36,6.52,43.86,37.34,7,6.08,0,,False,45,14
2026-09-29T16:56:45,2026-senate-GA,2026-09-29,35,8.27,50.89,42.62,7,5.97,3,-2.74,False,45,14
2026-09-29T16:56:46,2026-senate-MI,2026-09-29,35,2.89,47.38,44.49,16,12.84,5,-1.2,False,45,14
2026-09-29T16:56:47,2026-senate-NC,2026-09-29,35,9.04,50.26,41.23,10,8.73,3,-2.51,False,45,14
2026-09-29T16:56:48,2026-senate-ME,2026-09-29,35,1.7,47.67,45.97,9,7.47,2,-2.54,False,45,14
2026-09-29T16:56:51,2026-senate-OH,2026-09-29,35,4.06,47.66,43.6,8,6.62,3,-1.58,False,45,14
2026-09-29T16:56:52,2026-senate-TX,2026-09-29,35,2.72,47.92,45.2,15,12.54,3,-3.38,False,45,14
2026-09-29T16:56:53,2026-senate-IA,2026-09-29,35,1.47,45.72,44.25,12,8.94,6,-0.9,False,45,14
2026-09-29T16:56:53,2026-senate-NH,2026-09-29,35,5.78,47.21,41.43,9,6.83,4,-1.2,False,45,14
2026-09-29T16:56:54,2026-senate-MN,2026-09-29,35,1.97,43.79,41.82,6,4.84,3,-0.27,False,45,14
2026-09-29T16:56:55,2026-senate-AK,2026-09-29,35,0.74,46.29,45.55,6,5.23,2,-2.55,False,45,14
2026-09-29T16:56:56,2026-senate-KS,2026-09-29,35,0.17,46.54,46.37,4,3.32,2,-4.0,False,45,14
2026-09-29T16:56:57,2026-senate-SC,2026-09-29,35,-1.61,42.21,43.82,5,2.9,3,8.12,False,45,14
2026-09-29T16:56:58,2026-gov-AZ,2026-09-29,35,5.73,44.67,38.94,4,3.74,1,-2.67,False,45,14
2026-09-29T16:56:58,2026-gov-PA,2026-09-29,35,21.6,56.33,34.73,4,2.41,0,,False,45,14
2026-09-29T16:56:59,2026-gov-MI,2026-09-29,35,6.86,48.14,41.28,10,8.33,1,-6.74,False,45,14
2026-09-29T16:57:00,2026-gov-OH,2026-09-29,35,5.18,49.45,44.27,2,1.66,0,,False,45,14
2026-09-29T16:57:01,2026-gov-TX,2026-09-29,35,-3.11,45.67,48.78,13,10.61,3,-2.4,False,45,14
2026-09-29T16:57:02,2026-gov-FL,2026-09-29,35,-2.09,44.68,46.77,4,3.57,0,,False,45,14
2026-09-29T16:57:03,2026-gov-NY,2026-09-29,35,12.95,53.34,40.39,4,2.93,2,-4.0,False,45,14
2026-09-29T16:57:04,2026-gov-NV,2026-09-29,35,2.2,44.2,42.0,1,1.0,0,,False,45,14
2026-09-29T16:57:05,2026-gov-CA,2026-09-29,35,20.36,54.89,34.54,5,4.8,0,,False,45,14
2026-09-29T16:57:06,2026-gov-NM,2026-09-29,35,6.0,49.0,43.0,1,1.0,0,,False,45,14
2026-09-29T16:57:07,2026-gov-GA,2026-09-29,35,-1.62,46.1,47.71,5,4.16,1,-1.98,False,45,14
2026-09-29T16:57:08,2026-gov-WI,2026-09-29,35,4.47,47.95,43.47,2,1.99,1,-1.0,False,45,14
2026-09-29T16:57:09,2026-gov-ME,2026-09-29,35,10.75,48.26,37.5,5,4.48,0,,False,45,14
2026-09-29T16:57:10,2026-gov-NH,2026-09-29,35,-10.15,40.02,50.17,5,3.79,0,,False,45,14
2026-09-29T16:57:11,2026-gov-MN,2026-09-29,35,6.64,47.38,40.74,4,3.38,1,-9.0,False,45,14
2026-09-29T16:57:11,2026-generic-ballot,2026-09-29,35,6.52,43.86,37.34,7,6.08,0,,False,45,14
2026-09-30T16:54:32,2026-senate-GA,2026-09-30,34,8.27,50.89,42.62,7,5.97,3,-2.74,False,45,14
2026-09-30T16:54:32,2026-senate-MI,2026-09-30,34,3.55,47.68,44.13,18,14.03,5,-1.58,False,45,14
2026-09-30T16:54:33,2026-senate-NC,2026-09-30,34,9.04,50.26,41.23,10,8.73,3,-2.51,False,45,14
2026-09-30T16:54:33,2026-senate-ME,2026-09-30,34,1.7,47.67,45.97,9,7.47,2,-2.54,False,45,14
2026-09-30T16:54:34,2026-senate-OH,2026-09-30,34,4.03,47.63,43.59,9,7.62,2,-1.23,False,45,14
2026-09-30T16:54:35,2026-senate-TX,2026-09-30,34,2.12,47.62,45.49,16,13.35,4,-4.21,False,45,14
2026-09-30T16:54:35,2026-senate-IA,2026-09-30,34,1.07,45.76,44.69,13,9.57,7,-1.14,False,45,14
2026-09-30T16:54:36,2026-senate-NH,2026-09-30,34,5.78,47.21,41.43,9,6.83,4,-1.2,False,45,14
2026-09-30T16:54:36,2026-senate-MN,2026-09-30,34,1.59,44.66,43.07,7,4.33,4,-0.68,False,45,14
2026-09-30T16:54:37,2026-senate-AK,2026-09-30,34,0.74,46.29,45.55,6,5.23,2,-2.55,False,45,14
2026-09-30T16:54:37,2026-senate-KS,2026-09-30,34,0.17,46.54,46.37,4,3.32,2,-4.0,False,45,14
2026-09-30T16:54:38,2026-senate-SC,2026-09-30,34,-1.61,42.21,43.82,5,2.9,3,8.12,False,45,14
2026-09-30T16:54:38,2026-gov-AZ,2026-09-30,34,5.73,44.67,38.94,4,3.74,1,-2.67,False,45,14
2026-09-30T16:54:39,2026-gov-PA,2026-09-30,34,21.6,56.33,34.73,4,2.41,0,,False,45,14
2026-09-30T16:54:39,2026-gov-MI,2026-09-30,34,7.84,48.74,40.91,12,9.45,1,-7.06,False,45,14
2026-09-30T16:54:40,2026-gov-OH,2026-09-30,34,4.38,48.87,44.49,4,3.61,0,,False,45,14
2026-09-30T16:54:40,2026-gov-TX,2026-09-30,34,-3.11,45.67,48.78,13,10.61,3,-2.4,False,45,14
2026-09-30T16:54:41,2026-gov-FL,2026-09-30,34,-1.77,44.62,46.39,4,3.62,0,,False,45,14
2026-09-30T16:54:41,2026-gov-NY,2026-09-30,34,12.95,53.34,40.39,4,2.93,2,-4.0,False,45,14
2026-09-30T16:54:42,2026-gov-NV,2026-09-30,34,2.2,44.2,42.0,1,1.0,0,,False,45,14
2026-09-30T16:54:42,2026-gov-CA,2026-09-30,34,20.36,54.89,34.54,5,4.8,0,,False,45,14
2026-09-30T16:54:43,2026-gov-NM,2026-09-30,34,6.0,49.0,43.0,1,1.0,0,,False,45,14
2026-09-30T16:54:44,2026-gov-GA,2026-09-30,34,-1.62,46.1,47.71,5,4.16,1,-1.98,False,45,14
2026-09-30T16:54:44,2026-gov-WI,2026-09-30,34,4.47,47.95,43.47,2,1.99,1,-1.0,False,45,14
2026-09-30T16:54:45,2026-gov-ME,2026-09-30,34,10.75,48.26,37.5,5,4.48,0,,False,45,14
2026-09-30T16:54:45,2026-gov-NH,2026-09-30,34,-10.15,40.02,50.17,5,3.79,0,,False,45,14
2026-09-30T16:54:46,2026-gov-MN,2026-09-30,34,6.64,47.38,40.74,4,3.38,1,-9.0,False,45,14
2026-09-30T16:54:46,2026-generic-ballot,2026-09-30,34,6.52,43.86,37.34,7,6.08,0,,False,45,14
2026-10-01T17:26:38,2026-senate-GA,2026-10-01,33,8.27,50.89,42.62,7,5.97,3,-2.74,False,45,14
2026-10-01T17:26:39,2026-senate-MI,2026-10-01,33,3.27,47.94,44.66,19,14.6,5,-1.38,False,45,14
2026-10-01T17:26:39,2026-senate-NC,2026-10-01,33,9.64,50.11,40.47,12,10.54,3,-2.99,False,45,14
2026-10-01T17:26:40,2026-senate-ME,2026-10-01,33,1.13,47.61,46.48,11,8.7,3,-1.08,False,45,14
2026-10-01T17:26:41,2026-senate-OH,2026-10-01,33,4.03,47.63,43.59,9,7.62,2,-1.23,False,45,14
2026-10-01T17:26:42,2026-senate-TX,2026-10-01,33,1.99,47.42,45.43,17,13.8,4,-4.0,False,45,14
2026-10-01T17:26:42,2026-senate-IA,2026-10-01,33,1.07,45.76,44.69,13,9.57,7,-1.14,False,45,14
2026-10-01T17:26:43,2026-senate-NH,2026-10-01,33,5.78,47.21,41.43,9,6.83,4,-1.2,False,45,14
2026-10-01T17:26:43,2026-senate-MN,2026-10-01,33,1.59,44.66,43.07,7,4.33,4,-0.68,False,45,14
2026-10-01T17:26:44,2026-senate-AK,2026-10-01,33,0.74,46.29,45.55,6,5.23,2,-2.55,False,45,14
2026-10-01T17:26:44,2026-senate-KS,2026-10-01,33,0.11,46.73,46.62,3,2.93,1,-7.0,False,45,14
2026-10-01T17:26:45,2026-senate-SC,2026-10-01,33,-1.61,42.21,43.82,5,2.9,3,8.12,False,45,14
2026-10-01T17:26:45,2026-gov-AZ,2026-10-01,33,5.96,44.57,38.61,3,2.76,0,,False,45,14
2026-10-01T17:26:46,2026-gov-PA,2026-10-01,33,21.6,56.33,34.73,4,2.41,0,,False,45,14
2026-10-01T17:26:46,2026-gov-MI,2026-10-01,33,8.01,49.54,41.53,13,10.08,1,-7.14,False,45,14
2026-10-01T17:26:47,2026-gov-OH,2026-10-01,33,4.38,48.87,44.49,4,3.61,0,,False,45,14
2026-10-01T17:26:47,2026-gov-TX,2026-10-01,33,-3.11,45.67,48.78,13,10.61,3,-2.4,False,45,14
2026-10-01T17:26:48,2026-gov-FL,2026-10-01,33,-1.77,44.62,46.39,4,3.62,0,,False,45,14
2026-10-01T17:26:49,2026-gov-NY,2026-10-01,33,12.95,53.34,40.39,4,2.93,2,-4.0,False,45,14
2026-10-01T17:26:49,2026-gov-NV,2026-10-01,33,2.2,44.2,42.0,1,1.0,0,,False,45,14
2026-10-01T17:26:50,2026-gov-CA,2026-10-01,33,20.36,54.89,34.54,5,4.8,0,,False,45,14
2026-10-01T17:26:50,2026-gov-NM,2026-10-01,33,6.0,49.0,43.0,1,1.0,0,,False,45,14
2026-10-01T17:26:51,2026-gov-GA,2026-10-01,33,-1.62,46.1,47.71,5,4.16,1,-1.98,False,45,14
2026-10-01T17:26:52,2026-gov-WI,2026-10-01,33,3.43,48.7,45.27,3,1.83,1,0.0,False,45,14
2026-10-01T17:26:52,2026-gov-ME,2026-10-01,33,10.64,48.53,37.88,7,5.81,1,2.17,False,45,14
2026-10-01T17:26:53,2026-gov-NH,2026-10-01,33,-10.15,40.02,50.17,5,3.79,0,,False,45,14
2026-10-01T17:26:53,2026-gov-MN,2026-10-01,33,6.64,47.38,40.74,4,3.38,1,-9.0,False,45,14
2026-10-01T17:26:54,2026-generic-ballot,2026-10-01,33,6.09,47.78,41.7,8,6.13,0,,False,45,14
2026-10-02T19:01:26,2026-senate-GA,2026-10-02,32,8.29,50.92,42.62,6,5.65,3,-3.27,False,45,14
2026-10-02T19:01:27,2026-senate-MI,2026-10-02,32,3.09,47.85,44.76,19,14.77,6,-1.17,False,45,14
2026-10-02T19:01:28,2026-senate-NC,2026-10-02,32,9.64,50.11,40.47,12,10.54,3,-2.99,False,45,14
2026-10-02T19:01:29,2026-senate-ME,2026-10-02,32,1.43,48.07,46.64,12,9.7,2,-2.13,False,45,14
2026-10-02T19:01:30,2026-senate-OH,2026-10-02,32,3.51,47.0,43.49,10,8.36,2,-0.83,False,45,14
2026-10-02T19:01:31,2026-senate-TX,2026-10-02,32,1.99,47.75,45.76,18,14.66,4,-3.89,False,45,14
2026-10-02T19:01:32,2026-senate-IA,2026-10-02,32,1.62,46.36,44.74,15,10.77,8,-0.75,False,45,14
2026-10-02T19:01:33,2026-senate-NH,2026-10-02,32,5.78,47.21,41.43,9,6.83,4,-1.2,False,45,14
2026-10-02T19:01:34,2026-senate-MN,2026-10-02,32,1.86,44.46,42.6,6,4.62,3,0.73,False,45,14
2026-10-02T19:01:35,2026-senate-AK,2026-10-02,32,0.42,46.51,46.09,7,5.94,2,-2.02,False,45,14
2026-10-02T19:01:36,2026-senate-KS,2026-10-02,32,0.59,47.31,46.72,4,3.93,2,-3.5,False,45,14
2026-10-02T19:01:37,2026-senate-SC,2026-10-02,32,-1.37,43.32,44.68,6,3.53,3,5.97,False,45,14
2026-10-02T19:01:37,2026-gov-AZ,2026-10-02,32,5.94,42.62,36.68,2,1.79,0,,False,45,14
2026-10-02T19:01:38,2026-gov-PA,2026-10-02,32,23.63,55.83,32.19,5,3.3,0,,False,45,14
2026-10-02T19:01:39,2026-gov-MI,2026-10-02,32,8.01,49.54,41.53,13,10.08,1,-7.14,False,45,14
2026-10-02T19:01:40,2026-gov-OH,2026-10-02,32,4.38,48.87,44.49,4,3.61,0,,False,45,14
2026-10-02T19:01:41,2026-gov-TX,2026-10-02,32,-3.36,45.85,49.2,14,11.32,3,-2.18,False,45,14
2026-10-02T19:01:42,2026-gov-FL,2026-10-02,32,-1.77,44.62,46.39,4,3.62,0,,False,45,14
2026-10-02T19:01:43,2026-gov-NY,2026-10-02,32,12.95,53.34,40.39,4,2.93,2,-4.0,False,45,14
2026-10-02T19:01:44,2026-gov-NV,2026-10-02,32,2.2,44.2,42.0,1,1.0,0,,False,45,14
2026-10-02T19:01:45,2026-gov-CA,2026-10-02,32,20.36,54.89,34.54,5,4.8,0,,False,45,14
2026-10-02T19:01:46,2026-gov-NM,2026-10-02,32,6.0,49.0,43.0,1,1.0,0,,False,45,14
2026-10-02T19:01:47,2026-gov-GA,2026-10-02,32,-1.68,46.09,47.77,4,3.86,1,-1.67,False,45,14
2026-10-02T19:01:48,2026-gov-WI,2026-10-02,32,3.43,48.7,45.27,3,1.83,1,0.0,False,45,14
2026-10-02T19:01:49,2026-gov-ME,2026-10-02,32,10.64,48.53,37.88,7,5.81,0,,False,45,14
2026-10-02T19:01:50,2026-gov-NH,2026-10-02,32,-10.15,40.02,50.17,5,3.79,0,,False,45,14
2026-10-02T19:01:51,2026-gov-MN,2026-10-02,32,5.87,47.0,41.13,3,2.94,1,-6.5,False,45,14
2026-10-02T19:01:51,2026-generic-ballot,2026-10-02,32,6.09,47.78,41.7,8,6.13,0,,False,45,14
2026-10-03T15:10:51,2026-senate-GA,2026-10-03,31,8.29,50.92,42.62,6,5.65,3,-3.27,False,45,14
2026-10-03T15:10:52,2026-senate-MI,2026-10-03,31,3.09,47.85,44.76,19,14.77,6,-1.17,False,45,14
2026-10-03T15:10:52,2026-senate-NC,2026-10-03,31,9.64,50.11,40.47,12,10.54,3,-2.99,False,45,14
2026-10-03T15:10:53,2026-senate-ME,2026-10-03,31,1.06,48.06,47.0,14,11.11,3,-2.06,False,45,14
2026-10-03T15:10:53,2026-senate-OH,2026-10-03,31,3.45,47.24,43.79,11,9.35,2,-0.73,False,45,14
2026-10-03T15:10:54,2026-senate-TX,2026-10-03,31,2.3,48.01,45.7,19,15.6,5,-3.95,False,45,14
2026-10-03T15:10:54,2026-senate-IA,2026-10-03,31,1.35,46.43,45.08,16,11.71,8,-0.43,False,45,14
2026-10-03T15:10:54,2026-senate-NH,2026-10-03,31,5.74,47.18,41.44,8,6.41,4,-0.75,False,45,14
2026-10-03T15:10:55,2026-senate-MN,2026-10-03,31,1.73,44.23,42.5,5,4.29,2,-0.43,False,45,14
2026-10-03T15:10:55,2026-senate-AK,2026-10-03,31,1.55,47.11,45.56,8,6.9,2,-2.93,False,45,14
2026-10-03T15:10:55,2026-senate-KS,2026-10-03,31,0.28,45.81,45.53,6,5.08,3,-2.33,False,45,14
2026-10-03T15:10:56,2026-senate-SC,2026-10-03,31,-1.37,43.32,44.68,6,3.53,3,5.97,False,45,14
2026-10-03T15:10:56,2026-gov-AZ,2026-10-03,31,1.0,39.0,38.0,1,1.0,0,,False,45,14
2026-10-03T15:10:57,2026-gov-PA,2026-10-03,31,23.63,55.83,32.19,5,3.3,0,,False,45,14
2026-10-03T15:10:57,2026-gov-MI,2026-10-03,31,8.01,49.54,41.53,13,10.08,1,-7.14,False,45,14
2026-10-03T15:10:57,2026-gov-OH,2026-10-03,31,4.38,48.87,44.49,4,3.61,0,,False,45,14
2026-10-03T15:10:58,2026-gov-TX,2026-10-03,31,-2.64,46.2,48.84,15,12.16,3,-2.67,False,45,14
2026-10-03T15:10:58,2026-gov-FL,2026-10-03,31,-1.77,44.62,46.39,4,3.62,0,,False,45,14
2026-10-03T15:10:58,2026-gov-NY,2026-10-03,31,12.95,53.34,40.39,4,2.93,2,-4.0,False,45,14
2026-10-03T15:10:59,2026-gov-NV,2026-10-03,31,2.2,44.2,42.0,1,1.0,0,,False,45,14
2026-10-03T15:10:59,2026-gov-CA,2026-10-03,31,20.36,54.89,34.54,5,4.8,0,,False,45,14
2026-10-03T15:11:00,2026-gov-NM,2026-10-03,31,6.0,49.0,43.0,1,1.0,0,,False,45,14
2026-10-03T15:11:00,2026-gov-GA,2026-10-03,31,-1.68,46.09,47.77,4,3.86,1,-1.67,False,45,14
2026-10-03T15:11:01,2026-gov-WI,2026-10-03,31,3.32,49.0,45.68,2,1.37,0,,False,45,14
2026-10-03T15:11:01,2026-gov-ME,2026-10-03,31,10.64,48.53,37.88,7,5.81,0,,False,45,14
2026-10-03T15:11:01,2026-gov-NH,2026-10-03,31,-10.08,40.17,50.26,4,3.34,0,,False,45,14
2026-10-03T15:11:02,2026-gov-MN,2026-10-03,31,5.87,47.0,41.13,3,2.94,1,-6.5,False,45,14
2026-10-03T15:11:02,2026-generic-ballot,2026-10-03,31,6.09,47.78,41.7,8,6.13,0,,False,45,14
2026-10-04T15:54:03,2026-senate-GA,2026-10-04,30,8.66,51.79,43.13,7,6.45,3,-3.37,False,45,14
2026-10-04T15:54:03,2026-senate-MI,2026-10-04,30,3.09,47.85,44.76,19,14.77,6,-1.17,False,45,14
2026-10-04T15:54:04,2026-senate-NC,2026-10-04,30,9.64,50.11,40.47,12,10.54,3,-2.99,False,45,14
2026-10-04T15:54:04,2026-senate-ME,2026-10-04,30,1.06,48.06,47.0,14,11.11,3,-2.06,False,45,14
2026-10-04T15:54:04,2026-senate-OH,2026-10-04,30,3.45,47.24,43.79,11,9.35,2,-0.73,False,45,14
2026-10-04T15:54:05,2026-senate-TX,2026-10-04,30,2.3,48.01,45.7,19,15.6,5,-3.95,False,45,14
2026-10-04T15:54:05,2026-senate-IA,2026-10-04,30,1.35,46.43,45.08,16,11.71,8,-0.43,False,45,14
2026-10-04T15:54:06,2026-senate-NH,2026-10-04,30,5.74,47.18,41.44,8,6.41,4,-0.75,False,45,14
2026-10-04T15:54:06,2026-senate-MN,2026-10-04,30,1.5,44.8,43.3,6,4.76,3,-0.6,False,45,14
2026-10-04T15:54:06,2026-senate-AK,2026-10-04,30,1.55,47.11,45.56,8,6.9,2,-2.93,False,45,14
2026-10-04T15:54:07,2026-senate-KS,2026-10-04,30,0.28,45.81,45.53,6,5.08,3,-2.33,False,45,14
2026-10-04T15:54:07,2026-senate-SC,2026-10-04,30,-1.37,43.32,44.68,6,3.53,3,5.97,False,45,14
2026-10-04T15:54:08,2026-gov-PA,2026-10-04,30,23.63,55.83,32.19,5,3.3,0,,False,45,14
2026-10-04T15:54:08,2026-gov-MI,2026-10-04,30,8.01,49.54,41.53,13,10.08,1,-7.14,False,45,14
2026-10-04T15:54:09,2026-gov-OH,2026-10-04,30,4.29,48.9,44.61,5,4.6,0,,False,45,14
2026-10-04T15:54:09,2026-gov-TX,2026-10-04,30,-2.64,46.2,48.84,15,12.16,3,-2.67,False,45,14
2026-10-04T15:54:09,2026-gov-FL,2026-10-04,30,-1.77,44.62,46.39,4,3.62,0,,False,45,14
2026-10-04T15:54:10,2026-gov-NY,2026-10-04,30,12.95,53.34,40.39,4,2.93,2,-4.0,False,45,14
2026-10-04T15:54:10,2026-gov-NV,2026-10-04,30,2.2,44.2,42.0,1,1.0,0,,False,45,14
2026-10-04T15:54:11,2026-gov-CA,2026-10-04,30,20.36,54.89,34.54,5,4.8,0,,False,45,14
2026-10-04T15:54:11,2026-gov-NM,2026-10-04,30,6.0,49.0,43.0,1,1.0,0,,False,45,14
2026-10-04T15:54:12,2026-gov-GA,2026-10-04,30,-1.76,46.86,48.63,5,4.76,1,-1.5,False,45,14
2026-10-04T15:54:12,2026-gov-WI,2026-10-04,30,3.32,49.0,45.68,2,1.37,0,,False,45,14
2026-10-04T15:54:12,2026-gov-ME,2026-10-04,30,10.93,50.13,39.2,8,6.57,0,,False,45,14
2026-10-04T15:54:12,2026-gov-NH,2026-10-04,30,-10.08,40.17,50.26,4,3.34,0,,False,45,14
2026-10-04T15:54:13,2026-gov-MN,2026-10-04,30,5.87,47.0,41.13,3,2.94,1,-6.5,False,45,14
2026-10-04T15:54:14,2026-generic-ballot,2026-10-04,30,6.09,47.78,41.7,8,6.13,0,,False,45,14
2026-10-05T19:41:20,2026-senate-GA,2026-10-05,29,8.66,51.79,43.13,7,6.45,3,-3.37,False,45,14
2026-10-05T19:41:20,2026-senate-MI,2026-10-05,29,3.07,47.83,44.76,18,14.44,6,-1.04,False,45,14
2026-10-05T19:41:21,2026-senate-NC,2026-10-05,29,9.64,50.11,40.47,12,10.54,3,-2.99,False,45,14
2026-10-05T19:41:22,2026-senate-ME,2026-10-05,29,1.14,48.14,47.0,15,12.11,3,-2.02,False,45,14
2026-10-05T19:41:22,2026-senate-OH,2026-10-05,29,3.45,47.24,43.79,11,9.35,2,-0.73,False,45,14
2026-10-05T19:41:23,2026-senate-TX,2026-10-05,29,2.3,48.01,45.7,19,15.6,5,-3.95,False,45,14
2026-10-05T19:41:23,2026-senate-IA,2026-10-05,29,1.35,46.43,45.08,16,11.71,8,-0.43,False,45,14
2026-10-05T19:41:24,2026-senate-NH,2026-10-05,29,5.74,47.18,41.44,8,6.41,4,-0.75,False,45,14
2026-10-05T19:41:24,2026-senate-MN,2026-10-05,29,1.5,44.8,43.3,6,4.76,3,-0.6,False,45,14
2026-10-05T19:41:25,2026-senate-AK,2026-10-05,29,1.55,47.11,45.56,8,6.9,2,-2.93,False,45,14
2026-10-05T19:41:25,2026-senate-KS,2026-10-05,29,0.28,45.81,45.53,6,5.08,3,-2.33,False,45,14
2026-10-05T19:41:26,2026-senate-SC,2026-10-05,29,-1.37,43.32,44.68,6,3.53,3,5.97,False,45,14
2026-10-05T19:41:27,2026-gov-PA,2026-10-05,29,23.63,55.83,32.19,5,3.3,0,,False,45,14
2026-10-05T19:41:28,2026-gov-MI,2026-10-05,29,7.99,49.49,41.5,12,9.74,1,-7.06,False,45,14
2026-10-05T19:41:28,2026-gov-OH,2026-10-05,29,4.29,48.9,44.61,5,4.6,0,,False,45,14
2026-10-05T19:41:29,2026-gov-TX,2026-10-05,29,-2.68,46.18,48.86,15,12.22,3,-2.67,False,45,14
2026-10-05T19:41:29,2026-gov-FL,2026-10-05,29,-1.77,44.62,46.39,4,3.62,0,,False,45,14
2026-10-05T19:41:30,2026-gov-NY,2026-10-05,29,12.95,53.34,40.39,4,2.93,2,-4.0,False,45,14
2026-10-05T19:41:30,2026-gov-NV,2026-10-05,29,2.2,44.2,42.0,1,1.0,0,,False,45,14
2026-10-05T19:41:31,2026-gov-CA,2026-10-05,29,14.69,51.26,36.57,7,5.92,1,-12.5,False,45,14
2026-10-05T19:41:31,2026-gov-NM,2026-10-05,29,6.0,47.31,41.31,2,1.36,0,,False,45,14
2026-10-05T19:41:32,2026-gov-GA,2026-10-05,29,-1.76,46.86,48.63,5,4.76,1,-1.5,False,45,14
2026-10-05T19:41:33,2026-gov-WI,2026-10-05,29,3.0,49.0,46.0,1,1.0,0,,False,45,14
2026-10-05T19:41:33,2026-gov-ME,2026-10-05,29,10.93,50.13,39.2,8,6.57,0,,False,45,14
2026-10-05T19:41:34,2026-gov-NH,2026-10-05,29,-10.08,40.17,50.26,4,3.34,0,,False,45,14
2026-10-05T19:41:34,2026-gov-MN,2026-10-05,29,5.87,47.0,41.13,3,2.94,1,-6.5,False,45,14
2026-10-05T19:41:35,2026-generic-ballot,2026-10-05,29,7.07,49.88,42.81,9,5.39,0,,False,45,14
